DriverNumber,LapNumber,RPM,nGear,Throttle,Brake,DRS,Year
1,1,6886.742857142857,1.619047619047619,14.09142857142857,128,0,2022
1,2,7933.391625615764,1.6354679802955665,17.783251231527093,133,0,2022
1,3,7931.253298153034,1.8021108179419525,21.16622691292876,106,0,2022
1,4,8854.97193877551,2.3035714285714284,26.104591836734695,128,0,2022
1,5,9086.659459459459,2.324324324324324,27.91891891891892,123,0,2022
1,6,9190.21505376344,2.35752688172043,30.905913978494624,114,0,2022
1,7,9016.775132275132,2.537037037037037,32.216931216931215,117,0,2022
1,8,8878.895604395604,2.5851648351648353,31.01923076923077,110,0,2022
1,9,8972.42817679558,2.6270718232044197,33.20441988950276,106,0,2022
1,10,9104.005602240897,2.585434173669468,34.09243697478992,111,0,2022
1,11,9102.929971988795,2.638655462184874,33.431372549019606,109,0,2022
1,12,9164.059829059828,2.641025641025641,34.8974358974359,103,0,2022
1,13,9026.741477272728,2.627840909090909,31.946022727272727,104,0,2022
1,14,9048.32584269663,2.7808988764044944,34.31741573033708,102,0,2022
1,15,9207.642045454546,2.7642045454545454,36.39204545454545,101,0,2022
1,16,9128.327683615818,2.7598870056497176,34.99717514124294,104,0,2022
1,17,9070.695979899498,2.6884422110552766,37.13819095477387,109,0,2022
1,18,9135.880952380952,2.7589285714285716,36.023809523809526,103,0,2022
1,19,8695.138263665594,2.334405144694534,35.59485530546624,100,0,2022
1,20,9673.29012345679,2.8703703703703702,40.138888888888886,113,0,2022
1,21,9229.491228070176,2.7167919799498748,35.88972431077694,135,0,2022
1,22,9519.654285714285,2.9485714285714284,41.848571428571425,106,0,2022
1,23,8579.364197530864,2.3271604938271606,36.5,100,0,2022
1,24,9441.534375,2.909375,36.2875,120,0,2022
1,25,9467.755775577558,3.108910891089109,41.693069306930695,99,0,2022
1,26,9199.113378684808,3.2993197278911564,40.26757369614513,138,0,2022
1,27,8677.694560669455,2.215481171548117,24.027196652719667,128,0,2022
1,28,8399.77455357143,1.8660714285714286,16.044642857142858,33,0,2022
1,29,2267.8880067567566,0.4501689189189189,4.0150337837837835,315,0,2022
1,32,7849.872204472844,1.6325878594249201,17.27476038338658,67,0,2022
1,33,8772.925675675675,2.3277027027027026,31.736486486486488,96,0,2022
1,34,9286.167224080267,3.1237458193979935,38.508361204013376,93,0,2022
1,35,9167.928327645051,3.5051194539249146,39.23890784982935,92,0,2022
1,36,9254.583050847457,3.5966101694915253,41.186440677966104,88,0,2022
1,37,9367.229452054795,3.606164383561644,44.58904109589041,82,0,2022
1,38,9299.40418118467,3.56794425087108,45.68292682926829,76,0,2022
1,39,9384.779310344828,3.586206896551724,44.782758620689656,82,0,2022
1,40,9370.60350877193,3.617543859649123,45.44210526315789,82,0,2022
1,41,9468.818181818182,3.590909090909091,46.59440559440559,79,0,2022
1,42,9579.787671232876,3.6883561643835616,46.62671232876713,83,0,2022
1,43,9437.845360824742,3.6288659793814433,47.10996563573883,82,0,2022
1,44,9380.437931034483,3.6,44.39310344827586,79,0,2022
1,45,9420.731958762886,3.6666666666666665,44.735395189003434,85,0,2022
1,46,9459.955326460482,3.663230240549828,46.67353951890034,79,0,2022
1,47,9436.691756272401,3.620071684587814,46.60215053763441,71,0,2022
1,48,9521.567474048443,3.858131487889273,46.72318339100346,85,0,2022
1,49,9490.204697986577,3.721476510067114,46.85906040268456,84,0,2022
1,50,9454.51567944251,3.724738675958188,45.390243902439025,84,0,2022
1,51,9468.789285714285,3.6142857142857143,44.96071428571429,79,0,2022
1,52,9365.082191780823,3.595890410958904,45.554794520547944,77,0,2022
1,53,9400.956375838927,3.7114093959731544,45.993288590604024,81,0,2022
1,54,9324.609589041096,3.671232876712329,45.71917808219178,80,0,2022
1,55,9372.618055555555,3.638888888888889,46.39930555555556,76,0,2022
1,56,9319.696666666667,3.61,44.28333333333333,87,15,2022
1,57,9176.996677740864,3.5614617940199333,43.52823920265781,92,17,2022
1,58,9305.489583333334,3.5555555555555554,44.166666666666664,85,12,2022
1,59,9172.420138888889,3.5243055555555554,41.833333333333336,85,15,2022
1,60,9335.852842809365,3.6053511705685617,45.93311036789298,90,18,2022
1,61,9313.01023890785,3.6484641638225255,44.62457337883959,92,18,2022
1,62,9280.191780821919,3.565068493150685,43.93150684931507,89,14,2022
1,63,9367.856164383562,3.6164383561643834,45.20205479452055,86,18,2022
1,64,9429.840215439857,3.5547576301615798,46.61220825852783,159,31,2022
3,1,7804.2413087934565,1.6462167689161553,16.132924335378323,69,0,2022
3,2,8316.812351543944,1.9287410926365796,16.866983372921617,67,0,2022
3,3,8493.722222222223,2.0,22.214646464646464,83,0,2022
3,4,8605.683417085427,2.2437185929648242,24.195979899497488,104,0,2022
3,5,8977.630379746835,2.2911392405063293,26.577215189873417,106,0,2022
3,6,8904.899224806202,2.3359173126614987,26.31782945736434,113,0,2022
3,7,9051.751937984496,2.37984496124031,26.935400516795866,120,0,2022
3,8,8921.764705882353,2.521390374331551,29.203208556149733,115,0,2022
3,9,9177.265027322404,2.4453551912568305,30.038251366120218,112,0,2022
3,10,9053.026666666667,2.488,30.301333333333332,113,0,2022
3,11,9272.702412868633,2.455764075067024,30.27077747989276,113,0,2022
3,12,9146.932249322494,2.4498644986449865,29.867208672086722,113,0,2022
3,13,9032.045092838196,2.493368700265252,30.588859416445622,112,0,2022
3,14,9038.384,2.6426666666666665,32.38933333333333,107,0,2022
3,15,9014.058011049723,2.6988950276243093,32.5414364640884,98,0,2022
3,16,8935.92415730337,2.811797752808989,33.699438202247194,106,0,2022
3,17,8996.200557103064,2.7493036211699162,33.21448467966574,108,0,2022
3,18,9129.587951807229,2.8457831325301206,35.82409638554217,123,0,2022
3,19,8784.116216216216,2.6864864864864866,32.66486486486487,114,0,2022
3,20,8156.547619047619,2.0892857142857144,23.217261904761905,103,0,2022
3,21,9360.182370820668,2.884498480243161,33.62613981762918,102,0,2022
3,22,9222.567484662577,3.042944785276074,34.51840490797546,112,0,2022
3,23,9160.061919504644,3.1609907120743035,38.3405572755418,107,0,2022
3,24,9435.662337662337,3.25,39.02597402597402,101,0,2022
3,25,9236.645933014353,3.1148325358851676,37.26315789473684,135,0,2022
3,26,9004.084507042253,2.624413145539906,25.316901408450704,113,0,2022
3,27,8729.58276643991,2.1179138321995463,20.5578231292517,81,0,2022
3,28,8590.809917355371,2.0330578512396693,19.53443526170799,53,0,2022
3,29,1989.168003054601,0.41886216113020236,6.516991218022146,221,0,2022
3,31,7870.586288416076,1.6713947990543736,17.50354609929078,84,0,2022
3,32,7781.841772151899,2.060126582278481,18.582278481012658,45,0,2022
3,33,8942.38,2.77,31.93,67,0,2022
3,34,9237.773162939297,3.2619808306709266,39.81789137380192,98,0,2022
3,35,9274.190163934427,3.4491803278688526,38.57377049180328,97,0,2022
3,36,9253.433774834437,3.4172185430463577,41.437086092715234,93,0,2022
3,37,9187.22006472492,3.372168284789644,40.35275080906149,93,0,2022
3,38,9292.912337662337,3.4025974025974026,40.87012987012987,85,0,2022
3,39,9253.847457627118,3.5050847457627117,40.67796610169491,83,0,2022
3,40,9352.76254180602,3.4581939799331103,41.531772575250834,87,13,2022
3,41,9293.486754966887,3.552980132450331,40.13907284768212,89,16,2022
3,42,9234.489795918367,3.54421768707483,39.64625850340136,83,17,2022
3,43,9273.209150326797,3.607843137254902,41.22222222222222,80,16,2022
3,44,9301.426666666666,3.59,41.42,76,17,2022
3,45,9264.217105263158,3.6184210526315788,40.74013157894737,81,16,2022
3,46,9280.293103448275,3.537931034482759,41.08275862068965,87,14,2022
3,47,9313.29900332226,3.5714285714285716,41.70099667774086,84,0,2022
3,48,9349.777408637874,3.644518272425249,44.15282392026578,79,0,2022
3,49,9316.85324232082,3.6655290102389078,41.19453924914676,81,0,2022
3,50,9328.762237762237,3.6223776223776225,41.75174825174825,82,0,2022
3,51,9403.922297297297,3.652027027027027,45.2195945945946,84,0,2022
3,52,9363.611486486487,3.6317567567567566,43.91216216216216,83,0,2022
3,53,9342.364583333334,3.6666666666666665,42.9375,83,0,2022
3,54,9432.05944055944,3.7412587412587412,44.62237762237762,77,0,2022
3,55,9440.33676975945,3.6529209621993126,46.350515463917525,66,0,2022
3,56,9414.876666666667,3.7133333333333334,47.556666666666665,76,0,2022
3,57,9445.675958188152,3.6515679442508713,44.80487804878049,71,0,2022
3,58,9443.262411347518,3.702127659574468,46.36879432624114,77,0,2022
3,59,9451.77027027027,3.675675675675676,45.375,83,0,2022
3,60,9435.18771331058,3.689419795221843,45.406143344709896,76,0,2022
3,61,9419.128378378378,3.6655405405405403,46.08108108108108,78,0,2022
3,62,9363.034722222223,3.6979166666666665,44.19444444444444,75,0,2022
3,63,9438.622377622378,3.6433566433566433,44.40559440559441,77,0,2022
3,64,9325.132635253054,3.6212914485165792,44.1239092495637,150,0,2022
4,1,7548.028901734104,1.5549132947976878,15.795761078998073,105,0,2022
4,2,8181.441176470588,1.7303921568627452,18.063725490196077,111,0,2022
4,3,8341.107329842933,1.712041884816754,20.096858638743456,101,0,2022
4,4,9250.81679389313,2.1755725190839694,24.508905852417303,129,0,2022
4,5,9394.063492063493,2.291005291005291,28.775132275132275,112,0,2022
4,6,9368.545454545454,2.323529411764706,29.77540106951872,110,0,2022
4,7,8973.193211488251,2.545691906005222,30.60574412532637,114,0,2022
4,8,8999.079452054795,2.6356164383561644,32.10958904109589,107,0,2022
4,9,9046.25136612022,2.5846994535519126,30.112021857923498,123,0,2022
4,10,9009.23595505618,2.592696629213483,32.05898876404494,116,0,2022
4,11,9175.480337078652,2.6207865168539324,34.26966292134831,101,0,2022
4,12,9259.019943019943,2.7264957264957266,34.034188034188034,107,0,2022
4,13,9062.947513812154,2.7403314917127073,35.505524861878456,102,0,2022
4,14,9051.111731843575,2.7094972067039107,33.92178770949721,111,0,2022
4,15,9057.919444444444,2.772222222222222,34.65,106,0,2022
4,16,9169.733173076924,2.764423076923077,38.25721153846154,103,0,2022
4,17,9094.193452380952,2.7232142857142856,33.595238095238095,104,0,2022
4,18,8694.375,2.2896341463414633,34.64939024390244,89,0,2022
4,19,9386.039274924471,2.9395770392749245,37.797583081571,106,0,2022
4,20,9144.829341317365,3.062874251497006,38.8562874251497,97,0,2022
4,21,8784.540404040405,2.755050505050505,32.388888888888886,135,0,2022
4,22,9196.961988304094,3.0321637426900585,38.89181286549707,109,0,2022
4,23,8898.427215189873,2.4367088607594938,39.97784810126582,93,0,2022
4,24,9431.591194968554,3.09748427672956,41.4559748427673,95,0,2022
4,25,9592.19476744186,3.2238372093023258,39.5406976744186,112,0,2022
4,26,9312.869358669834,3.1282660332541568,40.80047505938242,120,0,2022
4,27,8517.304157549233,2.137855579868709,19.185995623632387,128,0,2022
4,28,8524.639455782313,2.0952380952380953,17.941043083900226,100,0,2022
4,29,1865.3827413055608,0.40226892319137064,3.5382183373628417,259,0,2022
4,31,7686.219239373601,1.5861297539149888,16.633109619686802,73,0,2022
4,32,8206.003194888179,1.7028753993610224,17.610223642172524,77,0,2022
4,33,8886.073089700996,2.4916943521594686,32.52823920265781,77,0,2022
4,34,9288.619205298013,3.1390728476821192,42.317880794701985,89,0,2022
4,35,9251.82252559727,3.21160409556314,40.35494880546075,80,0,2022
4,36,9310.367346938776,3.506802721088435,41.425170068027214,81,0,2022
4,37,9454.637288135593,3.630508474576271,46.58983050847458,85,0,2022
4,38,9430.237113402061,3.6219931271477663,47.05841924398626,82,0,2022
4,39,9594.727586206896,3.610344827586207,49.37586206896552,79,0,2022
4,40,9359.04827586207,3.6517241379310343,46.3448275862069,75,0,2022
4,41,9446.92439862543,3.6804123711340204,47.487972508591064,80,0,2022
4,42,9363.359154929578,3.6549295774647885,47.7112676056338,74,0,2022
4,43,9419.431972789116,3.642857142857143,47.86734693877551,87,0,2022
4,44,9457.794520547945,3.702054794520548,48.18493150684932,86,0,2022
4,45,9408.767123287671,3.7363013698630136,47.89041095890411,74,0,2022
4,46,9393.638225255972,3.6996587030716723,47.71672354948805,83,0,2022
4,47,9410.63321799308,3.7716262975778547,47.996539792387544,75,0,2022
4,48,9295.658783783783,3.6554054054054053,46.445945945945944,81,0,2022
4,49,9352.55,3.74,48.42,82,0,2022
4,50,9372.531073446327,3.7768361581920904,47.570621468926554,96,0,2022
4,51,9215.196825396826,3.577777777777778,44.50476190476191,89,0,2022
4,52,8564.402097902097,2.437062937062937,44.3986013986014,76,0,2022
4,53,9401.75167785235,3.4328859060402683,41.54362416107382,79,0,2022
4,54,9378.89416058394,3.4525547445255476,46.846715328467155,71,0,2022
4,55,9420.102836879432,3.5886524822695036,47.12765957446808,67,0,2022
4,56,9753.576923076924,3.835664335664336,52.95804195804196,72,0,2022
4,57,9466.097902097903,3.8076923076923075,48.62937062937063,72,0,2022
4,58,9409.225454545454,3.7563636363636363,50.93454545454546,62,0,2022
4,59,9643.751773049646,3.7588652482269502,51.99645390070922,71,0,2022
4,60,9472.349823321554,3.802120141342756,49.78445229681979,72,0,2022
4,61,9517.781690140846,3.8274647887323945,49.20070422535211,78,0,2022
4,62,9472.028673835126,3.8207885304659497,49.97491039426523,76,0,2022
4,63,9498.228373702423,3.878892733564014,49.97231833910035,84,0,2022
4,64,9463.485663082438,3.78494623655914,49.21146953405018,151,16,2022
5,1,7296.211155378486,1.707171314741036,18.61354581673307,173,0,2022
5,2,7646.686746987952,2.031325301204819,23.086746987951805,148,0,2022
5,3,7714.297435897436,2.2948717948717947,25.446153846153845,154,0,2022
5,4,8200.045454545454,2.5303030303030303,25.22222222222222,153,0,2022
5,5,8225.84501061571,2.9532908704883227,29.81104033970276,180,0,2022
5,6,7859.548717948718,2.7666666666666666,28.956410256410255,142,0,2022
5,7,7522.668393782384,2.1010362694300517,27.064766839378237,133,0,2022
5,8,8456.824324324325,2.810810810810811,31.016216216216215,130,0,2022
5,9,8319.814606741573,2.955056179775281,32.32865168539326,123,0,2022
5,10,8256.829201101928,3.0358126721763083,31.636363636363637,125,0,2022
5,11,8445.578512396694,2.9889807162534434,31.72451790633609,130,0,2022
5,12,8205.216216216217,2.972972972972973,31.364864864864863,127,0,2022
5,13,8319.90159574468,2.882978723404255,29.50531914893617,153,0,2022
5,14,8531.477211796248,2.868632707774799,32.11260053619303,142,0,2022
5,15,8313.05785123967,3.0137741046831956,31.366391184573004,141,0,2022
5,16,8397.00566572238,3.0623229461756374,33.053824362606235,142,0,2022
5,17,8469.14245810056,2.941340782122905,32.98324022346369,146,0,2022
5,18,8565.721212121212,3.118181818181818,34.593939393939394,129,0,2022
5,19,8567.705329153605,3.0595611285266457,35.2539184952978,117,0,2022
5,20,8691.572727272727,3.3393939393939394,39.61818181818182,115,0,2022
5,21,8782.791304347826,3.289855072463768,36.655072463768114,129,0,2022
5,22,8521.76119402985,3.0323383084577116,34.93283582089552,141,0,2022
5,23,8640.483146067416,3.2247191011235956,36.396067415730336,136,0,2022
5,24,8139.452459016394,2.6885245901639343,37.36065573770492,107,0,2022
5,25,8748.469733656175,3.1767554479418885,36.90072639225182,146,0,2022
5,26,8426.83878504673,3.0957943925233646,31.044392523364486,143,0,2022
5,27,7819.307517084282,2.3917995444191344,25.799544419134396,145,0,2022
5,28,8020.349726775957,2.2923497267759565,27.24863387978142,103,0,2022
5,29,1827.7947007243615,0.49523446435379337,6.10884483415936,368,0,2022
5,31,7353.258215962442,1.7816901408450705,21.305164319248828,137,0,2022
5,32,7880.53144654088,1.9968553459119496,23.88364779874214,115,0,2022
5,33,8660.920265780731,2.8039867109634553,33.21594684385382,119,0,2022
5,34,8977.926751592357,3.372611464968153,38.9171974522293,105,0,2022
5,35,8914.091803278689,3.6098360655737705,39.08196721311475,104,0,2022
5,36,8822.918032786885,3.6590163934426227,37.87213114754098,106,0,2022
5,37,8798.671009771986,3.7068403908794787,40.6742671009772,97,0,2022
5,38,8814.487012987012,3.727272727272727,38.756493506493506,103,0,2022
5,39,8974.549152542373,3.7966101694915255,40.840677966101694,99,0,2022
5,40,8865.536912751679,3.748322147651007,40.60738255033557,99,0,2022
5,41,8948.177631578947,3.825657894736842,43.38486842105263,92,0,2022
5,42,8995.098976109215,3.7645051194539247,41.39249146757679,95,0,2022
5,43,9007.5,3.7960526315789473,42.87828947368421,103,0,2022
5,44,9177.106666666667,3.8433333333333333,45.46666666666667,93,0,2022
5,45,8960.371710526315,3.8815789473684212,42.223684210526315,98,0,2022
5,46,8905.958333333334,3.7847222222222223,42.208333333333336,90,0,2022
5,47,9033.667796610169,3.840677966101695,43.07796610169491,94,0,2022
5,48,9137.414141414141,3.9393939393939394,44.53872053872054,100,0,2022
5,49,9176.138047138047,3.7474747474747474,44.64646464646464,100,0,2022
5,50,9099.65034965035,3.727272727272727,44.74125874125874,90,0,2022
5,51,9247.55326460481,3.924398625429553,47.2852233676976,92,0,2022
5,52,9181.956375838927,3.8322147651006713,46.25503355704698,96,0,2022
5,53,9186.238754325259,3.868512110726644,47.58477508650519,89,0,2022
5,54,9093.161971830987,3.8556338028169015,42.679577464788736,96,0,2022
5,55,9200.928813559321,3.9491525423728815,45.31525423728814,92,0,2022
5,56,9156.8,3.8966666666666665,44.06,105,0,2022
5,57,9177.24647887324,3.961267605633803,45.232394366197184,88,0,2022
5,58,9170.762237762237,3.8286713286713288,46.93006993006993,81,0,2022
5,59,9120.474576271186,3.8440677966101693,45.498305084745766,85,0,2022
5,60,9151.27027027027,3.9222972972972974,45.945945945945944,93,0,2022
5,61,9030.727891156463,3.8843537414965987,43.976190476190474,94,0,2022
5,62,9163.128027681661,3.878892733564014,46.50173010380623,83,0,2022
5,63,9112.20350877193,3.8175438596491227,45.35087719298246,83,0,2022
5,64,9139.85989492119,3.8336252189141855,45.656742556917685,168,0,2022
6,1,7637.6,2.168181818181818,25.352272727272727,154,0,2022
6,2,8034.909774436091,2.0576441102756893,28.57894736842105,159,0,2022
6,3,7252.888324873096,1.9263959390862944,32.98223350253807,148,0,2022
6,4,7970.969072164949,2.716494845360825,27.88917525773196,137,0,2022
6,5,7814.026809651475,3.1126005361930296,29.86058981233244,130,0,2022
6,6,7929.339425587467,3.0469973890339426,31.148825065274153,129,0,2022
6,7,8043.609042553191,3.109042553191489,33.59574468085106,122,0,2022
6,8,8186.490410958904,3.0684931506849313,33.016438356164386,121,0,2022
6,9,8037.354922279793,3.0673575129533677,34.19170984455958,125,0,2022
6,10,7941.869565217391,2.9184782608695654,31.815217391304348,145,0,2022
6,11,7876.078431372549,3.165266106442577,30.69747899159664,140,0,2022
6,12,8128.398843930636,3.167630057803468,33.554913294797686,132,0,2022
6,13,8164.9808219178085,3.241095890410959,34.556164383561644,132,0,2022
6,14,8139.897222222222,3.352777777777778,34.78055555555556,129,0,2022
6,15,8214.205633802816,3.2901408450704226,34.48732394366197,131,0,2022
6,16,8362.626086956521,3.246376811594203,34.79420289855072,135,0,2022
6,17,8315.678062678062,3.2962962962962963,35.41880341880342,133,0,2022
6,18,8497.348557692309,3.2524038461538463,35.65144230769231,148,0,2022
6,19,8233.56182795699,3.1370967741935485,34.163978494623656,138,0,2022
6,20,7521.470744680851,2.125,27.25531914893617,142,0,2022
6,21,8460.577030812325,3.142857142857143,33.54621848739496,138,0,2022
6,22,8418.07584269663,3.143258426966292,32.13483146067416,136,0,2022
6,23,8545.278106508877,3.2485207100591715,36.4112426035503,127,0,2022
6,24,8217.477653631286,3.164804469273743,32.935754189944134,133,0,2022
6,25,8734.40705882353,3.5152941176470587,39.69647058823529,156,0,2022
6,26,7702.178654292344,2.4501160092807424,24.31554524361949,139,0,2022
6,27,7930.734741784037,2.3450704225352115,23.816901408450704,138,0,2022
6,28,1915.2924636572302,0.5001912777352716,4.0897092578423875,329,0,2022
6,30,6026.792899408284,1.3136094674556213,9.35207100591716,64,0,2022
6,31,8815.904320987655,3.182098765432099,33.21913580246913,104,0,2022
6,32,8666.45806451613,3.2129032258064516,34.07741935483871,110,0,2022
6,33,8904.713815789473,3.539473684210526,40.31578947368421,109,0,2022
6,34,8783.233766233767,3.675324675324675,42.62337662337662,103,0,2022
6,35,8758.70890410959,3.537671232876712,41.10958904109589,108,0,2022
6,36,8898.953642384105,3.6556291390728477,41.61920529801324,109,0,2022
6,37,9031.434210526315,3.700657894736842,44.23026315789474,107,0,2022
6,38,8941.25,3.6785714285714284,44.68181818181818,105,0,2022
6,39,8916.464406779662,3.616949152542373,44.108474576271185,97,0,2022
6,40,8926.569023569024,3.8047138047138045,42.92255892255892,103,0,2022
6,41,8866.236666666666,3.7266666666666666,42.17666666666667,102,0,2022
6,42,9039.71768707483,3.707482993197279,44.105442176870746,107,0,2022
6,43,9168.682274247492,3.7123745819397995,46.274247491638796,96,0,2022
6,44,9149.64238410596,3.7649006622516556,46.30794701986755,97,0,2022
6,45,9187.470588235294,3.7777777777777777,45.669934640522875,109,0,2022
6,46,9144.748251748251,3.7447552447552446,44.29370629370629,97,19,2022
6,47,9024.437908496731,3.735294117647059,43.74183006535948,108,0,2022
6,48,9159.919093851133,3.8737864077669903,45.9126213592233,98,0,2022
6,49,9084.496621621622,3.8175675675675675,41.645270270270274,103,19,2022
6,50,8913.791666666666,3.6354166666666665,39.236111111111114,110,0,2022
6,51,9033.935153583618,3.757679180887372,43.68259385665529,98,17,2022
6,52,9223.996732026144,3.7745098039215685,45.27124183006536,102,20,2022
6,53,9226.211604095563,3.78839590443686,46.45392491467577,98,21,2022
6,54,9171.37113402062,3.790378006872852,46.69072164948454,93,0,2022
6,55,9232.963455149502,3.8006644518272426,48.136212624584715,82,0,2022
6,56,9050.524752475247,3.7524752475247523,42.95379537953795,107,0,2022
6,57,9138.920689655173,3.803448275862069,45.227586206896554,97,0,2022
6,58,9210.546391752578,3.814432989690722,48.4639175257732,87,0,2022
6,59,9248.957236842105,3.8289473684210527,47.00986842105263,98,0,2022
6,60,9296.369905956113,3.9247648902821317,47.71786833855799,111,0,2022
6,61,8896.215488215488,3.313131313131313,39.96296296296296,111,0,2022
6,62,9061.858585858587,3.6262626262626263,42.79124579124579,102,0,2022
6,63,9131.381720430107,3.729390681003584,46.145161290322584,176,0,2022
10,1,8029.993852459016,1.6915983606557377,24.11577868852459,277,0,2022
10,3,7855.662371134021,1.5644329896907216,28.798969072164947,105,0,2022
10,4,9224.404199475066,2.2440944881889764,31.666666666666668,119,0,2022
10,5,9258.96505376344,2.2876344086021505,32.155913978494624,118,0,2022
10,6,9283.024128686327,2.4048257372654156,34.101876675603215,114,0,2022
10,7,9404.103174603175,2.4021164021164023,34.98412698412698,112,0,2022
10,8,9357.919571045577,2.3378016085790883,33.33243967828418,123,0,2022
10,9,9407.647540983606,2.2841530054644807,33.25136612021858,119,0,2022
10,10,9289.782258064517,2.2553763440860215,31.276881720430108,140,0,2022
10,11,9397.784153005465,2.3251366120218577,33.69398907103825,126,0,2022
10,12,9351.307262569833,2.35195530726257,34.38826815642458,132,0,2022
10,13,9353.923076923076,2.4245014245014245,34.87464387464387,117,0,2022
10,14,9495.761904761905,2.5098039215686274,35.57983193277311,120,0,2022
10,15,9224.871232876712,2.5424657534246577,38.50958904109589,114,0,2022
10,16,9296.081920903955,2.522598870056497,33.99717514124294,129,0,2022
10,17,9235.106321839081,2.6350574712643677,35.4367816091954,121,0,2022
10,18,9255.057306590257,2.63323782234957,35.73638968481375,120,0,2022
10,19,9225.525073746312,2.687315634218289,36.8023598820059,117,0,2022
10,20,9414.55459770115,2.660919540229885,38.70977011494253,109,0,2022
10,21,9221.702764976959,2.751152073732719,40.34101382488479,124,0,2022
10,22,9274.4,2.7464788732394365,38.25352112676056,111,0,2022
10,23,8446.051671732523,1.8996960486322187,31.814589665653497,108,0,2022
10,24,9782.686468646865,2.716171617161716,40.495049504950494,105,0,2022
10,25,9581.514423076924,2.7860576923076925,42.76442307692308,127,0,2022
10,26,9106.61411764706,2.5741176470588236,34.461176470588235,134,0,2022
10,27,8502.234624145785,2.0478359908883825,28.954441913439634,129,0,2022
10,28,8270.041208791208,1.8434065934065933,27.703296703296704,96,0,2022
10,29,1922.9817142857144,0.42038095238095236,9.943809523809524,521,0,2022
10,31,7702.028235294118,1.5976470588235294,21.463529411764707,120,0,2022
10,32,8226.781645569621,1.8006329113924051,26.39873417721519,92,0,2022
10,33,9191.69536423841,2.4602649006622515,35.59602649006622,94,0,2022
10,34,9558.49840255591,2.9712460063897765,42.21725239616613,98,0,2022
10,35,9645.855737704918,3.085245901639344,42.42622950819672,91,0,2022
10,36,9555.69867549669,3.129139072847682,45.18543046357616,95,0,2022
10,37,9451.032467532468,3.1363636363636362,44.45779220779221,87,0,2022
10,38,9669.51948051948,3.094155844155844,44.172077922077925,90,0,2022
10,39,9586.993220338984,3.2101694915254235,44.6135593220339,88,0,2022
10,40,9462.635451505017,3.311036789297659,44.94648829431438,86,14,2022
10,41,9453.158415841584,3.382838283828383,44.84158415841584,87,15,2022
10,42,9373.85324232082,3.3959044368600684,43.689419795221845,83,16,2022
10,43,9408.032894736842,3.3947368421052633,45.7171052631579,86,17,2022
10,44,9557.201986754966,3.3973509933774833,47.19867549668874,78,0,2022
10,45,9500.549342105263,3.4473684210526314,46.338815789473685,79,17,2022
10,46,9465.086805555555,3.3020833333333335,43.548611111111114,85,0,2022
10,47,9430.10101010101,3.441077441077441,45.68013468013468,86,0,2022
10,48,9607.93918918919,3.4864864864864864,47.391891891891895,79,0,2022
10,49,9629.016949152543,3.352542372881356,45.92542372881356,82,0,2022
10,50,9427.34375,3.3784722222222223,46.74652777777778,76,0,2022
10,51,9668.972696245733,3.4505119453924915,48.70648464163823,78,0,2022
10,52,9603.722033898304,3.454237288135593,47.847457627118644,79,0,2022
10,53,9545.568965517241,3.462068965517241,48.57241379310345,75,0,2022
10,54,9626.621052631579,3.4771929824561405,48.04912280701755,79,0,2022
10,55,9608.07560137457,3.536082474226804,48.00687285223368,83,0,2022
10,56,9752.435215946844,3.511627906976744,49.136212624584715,78,0,2022
10,57,9658.73076923077,3.4965034965034967,50.5,73,19,2022
10,58,9534.91958041958,3.395104895104895,47.56643356643357,75,19,2022
10,59,9641.479452054795,3.3767123287671232,46.397260273972606,83,0,2022
10,60,9710.755102040815,3.45578231292517,47.88095238095238,77,0,2022
10,61,9677.612244897959,3.4183673469387754,46.95578231292517,86,18,2022
10,62,9624.463917525773,3.463917525773196,47.738831615120276,76,17,2022
10,63,9654.989510489511,3.3426573426573425,48.97552447552447,81,17,2022
10,64,9794.561403508771,3.312280701754386,49.28421052631579,162,35,2022
11,1,7139.5,1.6488549618320612,18.456106870229007,172,0,2022
11,2,7539.28,1.985,21.6375,154,0,2022
11,3,7301.692708333333,2.1640625,19.645833333333332,134,0,2022
11,4,8359.151670951156,2.5809768637532136,25.90745501285347,134,0,2022
11,5,8515.618918918919,2.627027027027027,28.71081081081081,137,0,2022
11,6,8644.637096774193,2.685483870967742,31.241935483870968,127,0,2022
11,7,8690.540897097626,2.691292875989446,31.868073878627968,133,0,2022
11,8,8507.441988950277,2.839779005524862,32.392265193370164,126,0,2022
11,9,8739.193370165745,2.7900552486187844,34.09668508287293,120,0,2022
11,10,8656.619047619048,2.795518207282913,31.761904761904763,129,0,2022
11,11,8729.011142061281,2.785515320334262,32.3983286908078,129,0,2022
11,12,8806.504273504273,2.8518518518518516,35.34188034188034,119,0,2022
11,13,8639.652298850575,2.8793103448275863,33.63505747126437,113,0,2022
11,14,8871.495798319327,2.8683473389355743,34.61064425770308,118,0,2022
11,15,8729.762711864407,2.8789346246973366,36.45762711864407,121,0,2022
11,16,8559.118309859155,2.935211267605634,33.969014084507045,113,0,2022
11,17,8374.323624595469,2.4498381877022655,43.19741100323625,90,0,2022
11,18,9094.157099697884,2.8851963746223563,38.12386706948641,115,0,2022
11,19,9317.824074074075,3.1018518518518516,43.00925925925926,103,0,2022
11,20,9104.24251497006,3.0119760479041915,39.35329341317365,106,0,2022
11,21,8980.567774936062,2.6777493606138107,36.53452685421995,123,0,2022
11,22,9352.180555555555,2.8833333333333333,42.519444444444446,99,0,2022
11,23,8795.432024169184,2.4410876132930515,46.07552870090635,102,0,2022
11,24,9147.584126984128,2.7904761904761903,36.52063492063492,113,0,2022
11,25,9383.354838709678,3.138709677419355,42.6,106,0,2022
11,26,9404.351851851852,3.1805555555555554,42.148148148148145,156,0,2022
11,27,8599.18918918919,2.272349272349272,26.542619542619544,153,0,2022
11,28,7996.058035714285,2.0714285714285716,22.310267857142858,137,0,2022
11,29,2240.0970857336497,0.4759403592002711,4.8232802439850895,515,0,2022
11,32,8045.657051282052,1.689102564102564,18.548076923076923,134,0,2022
11,33,8725.278911564626,2.2210884353741496,30.789115646258505,101,0,2022
11,34,9505.725165562913,3.0860927152317883,41.51655629139073,111,0,2022
11,35,9370.230240549829,3.329896907216495,43.29896907216495,97,0,2022
11,36,9511.11186440678,3.4,46.671186440677964,95,0,2022
11,37,9559.858131487888,3.536332179930796,48.50173010380623,95,0,2022
11,38,9664.179930795848,3.42560553633218,49.98615916955017,85,0,2022
11,39,9769.196551724139,3.3655172413793104,49.48965517241379,90,0,2022
11,40,9705.770318021201,3.4063604240282683,50.80565371024735,83,0,2022
11,41,9809.465034965035,3.5104895104895104,50.51048951048951,89,0,2022
11,42,9800.934027777777,3.545138888888889,50.74305555555556,89,0,2022
11,43,9682.573883161513,3.6151202749140894,50.25773195876289,86,0,2022
11,44,9467.456445993032,3.581881533101045,48.47386759581882,87,0,2022
11,45,9650.570446735395,3.5945017182130585,50.02749140893471,89,0,2022
11,46,9517.62457337884,3.6655290102389078,48.76109215017065,91,0,2022
11,47,9537.398550724638,3.6594202898550723,50.57971014492754,84,0,2022
11,48,9422.270547945205,3.636986301369863,46.63013698630137,91,0,2022
11,49,9659.81543624161,3.651006711409396,49.10738255033557,86,0,2022
11,50,9605.11724137931,3.593103448275862,49.66896551724138,88,0,2022
11,51,9399.929577464789,3.6161971830985915,47.16197183098591,86,0,2022
11,52,9418.160958904109,3.558219178082192,46.72945205479452,88,0,2022
11,53,9495.235880398672,3.5448504983388704,46.18604651162791,97,0,2022
11,54,9517.931271477662,3.4879725085910653,46.68384879725086,87,0,2022
11,55,9572.03103448276,3.510344827586207,49.48965517241379,86,0,2022
11,56,9726.688963210703,3.270903010033445,46.130434782608695,94,0,2022
11,57,9953.079207920791,3.155115511551155,48.161716171617165,98,0,2022
11,58,9653.547038327526,3.3310104529616726,47.397212543554005,90,0,2022
11,59,9758.879310344828,3.1724137931034484,45.851724137931036,92,0,2022
11,60,9808.391891891892,3.310810810810811,47.979729729729726,94,0,2022
11,61,9508.704081632653,3.445578231292517,46.595238095238095,94,0,2022
11,62,9559.814432989691,3.402061855670103,48.67353951890034,88,0,2022
11,63,9671.109589041096,3.4794520547945207,49.32534246575342,89,0,2022
11,64,9628.005376344086,3.42831541218638,49.806451612903224,167,0,2022
14,1,7060.701960784314,1.7843137254901962,15.133333333333333,108,0,2022
14,2,7889.360975609756,1.9682926829268292,25.165853658536584,141,0,2022
14,3,7931.989610389611,2.1506493506493505,23.70909090909091,108,0,2022
14,4,8806.921319796955,2.302030456852792,26.946700507614214,126,0,2022
14,5,8768.279683377308,2.5145118733509233,30.736147757255935,118,0,2022
14,6,8775.557333333334,2.501333333333333,30.781333333333333,121,0,2022
14,7,8917.524547803618,2.537467700258398,33.04651162790697,126,0,2022
14,8,8954.312328767122,2.4794520547945207,32.92602739726028,117,0,2022
14,9,8962.078804347826,2.573369565217391,34.25,117,0,2022
14,10,8989.549019607843,2.563025210084034,33.80952380952381,119,0,2022
14,11,8929.880555555555,2.625,33.84722222222222,113,0,2022
14,12,9096.267806267806,2.5156695156695155,35.111111111111114,110,0,2022
14,13,9208.549723756905,2.588397790055249,35.90331491712707,109,0,2022
14,14,9258.586402266288,2.696883852691218,37.45609065155807,106,0,2022
14,15,9259.95856353591,2.6353591160220993,35.831491712707184,106,0,2022
14,16,9238.15,2.7055555555555557,36.827777777777776,104,0,2022
14,17,9370.52818991098,2.685459940652819,36.759643916913944,114,0,2022
14,18,9399.885057471265,2.6867816091954024,37.264367816091955,111,0,2022
14,19,9487.118343195267,2.6449704142011834,37.357988165680474,107,0,2022
14,20,9273.506112469438,2.6699266503667483,40.79951100244499,109,0,2022
14,21,9261.497191011236,2.783707865168539,38.53651685393258,116,0,2022
14,22,8543.982195845698,2.0623145400593472,30.617210682492583,110,0,2022
14,23,9569.214501510574,2.7522658610271904,37.996978851963746,131,0,2022
14,24,9308.50925925926,3.006172839506173,40.78703703703704,110,0,2022
14,25,9369.220630372492,3.0458452722063036,41.068767908309454,115,0,2022
14,26,9467.325635103925,2.960739030023095,42.558891454965355,141,0,2022
14,27,7796.16704805492,2.3409610983981692,18.221967963386728,85,0,2022
14,28,7842.128953771289,2.588807785888078,19.503649635036496,99,0,2022
14,29,1787.1976159433787,0.43360029800707767,3.760104302477184,256,0,2022
14,31,7452.909502262443,1.7669683257918551,16.762443438914026,65,0,2022
14,32,7540.465189873417,2.1835443037974684,19.84493670886076,81,0,2022
14,33,8845.348837209302,2.564784053156146,35.10299003322259,94,0,2022
14,34,9518.140575079873,2.97444089456869,40.96485623003195,103,0,2022
14,35,9158.075409836065,3.2491803278688525,40.5311475409836,101,0,2022
14,36,9236.224422442245,3.2442244224422443,42.70627062706271,91,0,2022
14,37,9166.229032258065,3.2838709677419353,40.81935483870968,97,0,2022
14,38,9333.720394736842,3.2960526315789473,44.01973684210526,94,0,2022
14,39,9480.993243243243,3.2871621621621623,44.564189189189186,91,0,2022
14,40,9531.823728813559,3.3084745762711862,47.03050847457627,85,0,2022
14,41,9490.196721311475,3.3409836065573773,46.30491803278689,101,0,2022
14,42,9429.542372881357,3.4033898305084747,46.41016949152542,88,0,2022
14,43,9414.052287581699,3.3529411764705883,45.6764705882353,99,0,2022
14,44,9468.693602693602,3.404040404040404,45.282828282828284,96,0,2022
14,45,9504.24584717608,3.3754152823920265,46.57807308970099,96,0,2022
14,46,9462.411149825784,3.4111498257839723,47.41114982578397,92,0,2022
14,47,9525.544554455446,3.4224422442244222,49.28712871287129,95,0,2022
14,48,9549.762237762237,3.4195804195804196,47.02097902097902,93,0,2022
14,49,9588.900343642612,3.4467353951890036,51.154639175257735,81,0,2022
14,50,9629.068728522338,3.5326460481099655,50.103092783505154,86,0,2022
14,51,9844.22602739726,3.410958904109589,51.16095890410959,91,0,2022
14,52,9511.11186440678,3.4305084745762713,47.24745762711864,93,0,2022
14,53,9465.163265306122,3.4591836734693877,48.14965986394558,93,0,2022
14,54,9391.491166077738,3.4381625441696113,48.15547703180212,82,0,2022
14,55,9795.324137931035,3.4586206896551723,51.47931034482759,90,0,2022
14,56,9679.198019801981,3.419141914191419,49.755775577557756,88,0,2022
14,57,9594.80412371134,3.3780068728522337,49.628865979381445,89,0,2022
14,58,9527.574007220217,3.512635379061372,47.62093862815885,93,0,2022
14,59,9394.937931034483,3.496551724137931,46.80344827586207,92,0,2022
14,60,9752.297658862877,3.4816053511705687,49.75585284280937,93,0,2022
14,61,9679.586206896553,3.496551724137931,51.37931034482759,87,0,2022
14,62,9581.566552901024,3.532423208191126,48.39590443686007,88,0,2022
14,63,9529.615646258504,3.493197278911565,48.636054421768705,85,0,2022
14,64,9256.932743362831,3.5097345132743363,44.47787610619469,163,0,2022
16,1,7455.949152542373,1.5160075329566856,24.80225988700565,171,0,2022
16,2,8031.315656565656,1.9141414141414141,31.060606060606062,150,0,2022
16,3,7491.471204188481,2.0392670157068062,25.274869109947645,101,0,2022
16,4,8429.832474226803,2.5902061855670104,30.471649484536083,126,0,2022
16,5,8415.698369565218,2.8369565217391304,34.625,112,0,2022
16,6,8493.745901639344,2.9262295081967213,37.185792349726775,115,0,2022
16,7,8564.46052631579,2.960526315789474,37.47105263157895,116,0,2022
16,8,8587.966850828729,3.0110497237569063,37.52486187845304,117,0,2022
16,9,8471.516574585636,2.9419889502762433,37.33701657458563,122,0,2022
16,10,8606.84857142857,2.9171428571428573,37.902857142857144,116,0,2022
16,11,8535.035812672177,2.9476584022038566,37.28650137741047,129,0,2022
16,12,8744.921739130436,2.9594202898550726,38.927536231884055,103,0,2022
16,13,8587.862464183381,2.9054441260744985,37.93696275071633,117,0,2022
16,14,8912.37784090909,3.039772727272727,40.23295454545455,119,0,2022
16,15,8969.067039106145,2.916201117318436,41.927374301675975,105,0,2022
16,16,8909.837606837607,3.074074074074074,41.925925925925924,105,0,2022
16,17,8696.686419753087,3.037037037037037,42.29876543209877,119,0,2022
16,18,8665.944606413994,3.0495626822157433,40.839650145772595,103,0,2022
16,19,8074.7009345794395,2.5109034267912773,36.26479750778816,103,0,2022
16,20,8764.168341708542,2.9321608040201004,41.14824120603015,130,0,2022
16,21,9186.71875,3.2698863636363638,45.94318181818182,113,0,2022
16,22,8029.689149560118,2.589442815249267,38.302052785923756,113,0,2022
16,23,9215.585139318886,3.1424148606811144,40.9969040247678,109,0,2022
16,24,9070.240625,3.21875,41.646875,115,0,2022
16,25,9138.323432343233,3.363036303630363,45.666666666666664,100,0,2022
16,26,9052.444444444445,3.42,44.30444444444444,164,0,2022
16,27,8414.860995850622,2.3858921161825726,28.931535269709542,176,0,2022
16,28,8269.688636363637,2.0568181818181817,29.956818181818182,135,0,2022
16,29,2289.9252273492757,0.49124284270798246,23.635230717413272,1483,0,2022
16,32,7977.87459807074,1.720257234726688,26.929260450160772,106,0,2022
16,33,8787.414141414141,2.4983164983164983,40.178451178451176,99,0,2022
16,34,9149.070469798658,3.291946308724832,44.29194630872483,105,0,2022
16,35,9239.325342465754,3.5239726027397262,44.70890410958904,105,0,2022
16,36,9394.498316498317,3.744107744107744,48.48148148148148,104,0,2022
16,37,9278.214285714286,3.707482993197279,48.13945578231292,102,0,2022
16,38,9315.751748251749,3.6433566433566433,49.17482517482517,95,0,2022
16,39,9382.051020408164,3.7755102040816326,49.714285714285715,101,0,2022
16,40,9445.084210526316,3.7649122807017545,52.80350877192983,94,0,2022
16,41,9344.565972222223,3.7395833333333335,51.00347222222222,97,0,2022
16,42,9472.027777777777,3.78125,52.135416666666664,94,0,2022
16,43,9325.756849315068,3.7465753424657535,50.11643835616438,98,0,2022
16,44,9372.48275862069,3.779310344827586,52.251724137931035,88,0,2022
16,45,9389.6875,3.8055555555555554,52.93402777777778,91,0,2022
16,46,9376.866438356165,3.815068493150685,53.58561643835616,90,0,2022
16,47,9387.353356890459,3.802120141342756,52.07420494699647,90,0,2022
16,48,9533.864583333334,3.8958333333333335,55.02430555555556,92,0,2022
16,49,9366.833333333334,3.8533333333333335,51.53,98,0,2022
16,50,9472.165492957747,3.834507042253521,53.394366197183096,89,0,2022
16,51,9304.584837545126,3.7220216606498195,49.4043321299639,89,0,2022
16,52,9326.355172413792,3.731034482758621,50.94827586206897,94,0,2022
16,53,9454.946488294314,3.842809364548495,51.74581939799331,102,0,2022
16,54,9332.420689655173,3.779310344827586,51.679310344827584,97,0,2022
16,55,9334.358885017422,3.7630662020905925,49.77351916376307,101,0,2022
16,56,9351.566225165563,3.705298013245033,51.182119205298015,98,18,2022
16,57,9169.240802675586,3.68561872909699,45.48494983277592,105,17,2022
16,58,9253.764705882353,3.7058823529411766,48.22491349480969,100,14,2022
16,59,9248.363321799308,3.6505190311418687,47.31833910034602,107,16,2022
16,60,9291.026845637583,3.751677852348993,49.828859060402685,103,19,2022
16,61,9305.547619047618,3.7244897959183674,49.03741496598639,100,19,2022
16,62,9297.537671232876,3.6678082191780823,49.00342465753425,105,14,2022
16,63,9355.741496598639,3.7687074829931975,50.46258503401361,96,16,2022
16,64,9346.216216216217,3.6738738738738737,49.46306306306306,190,20,2022
18,1,6709.302734375,2.28515625,15.599609375,162,0,2022
18,2,7197.497584541063,2.5144927536231885,21.36231884057971,132,0,2022
18,3,7114.215384615384,2.105128205128205,21.8025641025641,143,0,2022
18,4,7553.369230769231,3.023076923076923,24.587179487179487,137,0,2022
18,5,7819.692708333333,3.1015625,27.919270833333332,130,0,2022
18,6,7740.863874345549,3.1910994764397906,27.827225130890053,126,0,2022
18,7,7736.556135770235,3.255874673629243,28.69190600522193,130,0,2022
18,8,7839.237967914439,3.1898395721925135,29.1951871657754,139,0,2022
18,9,7960.085227272727,3.2357954545454546,30.170454545454547,123,0,2022
18,10,8074.126721763086,3.369146005509642,31.823691460055098,127,0,2022
18,11,8060.079096045198,3.2033898305084745,30.62146892655367,127,0,2022
18,12,8080.997191011236,3.311797752808989,31.53370786516854,118,0,2022
18,13,8054.917112299465,3.2192513368983957,30.197860962566846,129,0,2022
18,14,8009.584905660377,3.261455525606469,29.390835579514825,178,0,2022
18,15,8149.854395604396,3.258241758241758,29.623626373626372,142,0,2022
18,16,8023.322033898305,3.324858757062147,30.26553672316384,130,0,2022
18,17,8211.310924369747,3.134453781512605,29.969187675070028,135,0,2022
18,18,8266.566860465116,3.1569767441860463,30.427325581395348,126,0,2022
18,19,8425.14241486068,3.3839009287925697,31.777089783281735,120,0,2022
18,20,8379.913173652694,3.2425149700598803,34.75449101796407,120,0,2022
18,21,8625.504504504504,3.4204204204204203,37.36336336336336,118,0,2022
18,22,8561.112391930836,3.4178674351585014,38.79827089337176,127,0,2022
18,23,8202.002444987775,3.132029339853301,33.76772616136919,136,0,2022
18,24,8693.42776203966,3.518413597733711,39.92917847025496,119,0,2022
18,25,7878.548098434005,2.6957494407158835,31.52572706935123,153,0,2022
18,26,7760.386221294363,2.559498956158664,20.11482254697286,187,0,2022
18,27,7358.09865470852,2.4484304932735426,19.771300448430495,143,0,2022
18,28,1636.9763597924275,0.43743993849702095,5.312704209110128,387,0,2022
18,30,5528.704180064308,1.2765273311897105,10.279742765273312,42,0,2022
18,31,8374.29255319149,3.348404255319149,34.26063829787234,141,0,2022
18,32,8598.780952380952,3.549206349206349,37.78095238095238,103,0,2022
18,33,8053.4,3.25,30.94333333333333,95,0,2022
18,34,8812.535256410256,3.5128205128205128,39.25961538461539,108,0,2022
18,35,8928.807189542484,3.6699346405228757,40.01633986928105,112,0,2022
18,36,9000.235099337748,3.5695364238410594,42.01324503311258,103,0,2022
18,37,8850.679611650485,3.592233009708738,39.80258899676375,98,0,2022
18,38,8913.980456026058,3.570032573289902,40.0586319218241,94,0,2022
18,39,8863.432432432432,3.7263513513513513,39.652027027027025,131,0,2022
18,40,8918.76254180602,3.749163879598662,39.819397993311036,102,15,2022
18,41,9035.874172185431,3.7450331125827816,40.77814569536424,106,18,2022
18,42,9019.261904761905,3.7006802721088436,39.89795918367347,101,17,2022
18,43,9104.297385620916,3.689542483660131,41.627450980392155,106,16,2022
18,44,9158.083333333334,3.65,44.24,96,21,2022
18,45,9075.822368421053,3.7598684210526314,41.55592105263158,96,16,2022
18,46,9024.313793103449,3.720689655172414,40.61379310344827,91,15,2022
18,47,9123.635761589405,3.7019867549668874,41.937086092715234,92,14,2022
18,48,9103.651162790698,3.7607973421926912,43.0265780730897,101,20,2022
18,49,9258.342372881356,3.7254237288135594,42.78305084745763,100,19,2022
18,50,9173.344947735191,3.7421602787456445,42.0801393728223,102,16,2022
18,51,9267.941780821919,3.7465753424657535,46.03082191780822,82,0,2022
18,52,9277.545454545454,3.676767676767677,44.86531986531987,91,0,2022
18,53,9295.857638888889,3.7604166666666665,45.25,94,16,2022
18,54,9306.675958188152,3.8954703832752613,45.77003484320557,89,0,2022
18,55,9212.481099656357,3.814432989690722,46.446735395189,88,0,2022
18,56,9318.385382059801,3.8504983388704317,45.62126245847176,87,0,2022
18,57,9305.006968641115,3.773519163763066,44.271777003484324,91,0,2022
18,58,9326.387323943662,3.7746478873239435,46.514084507042256,78,0,2022
18,59,9242.413559322034,3.8271186440677964,45.047457627118646,88,0,2022
18,60,9360.316326530612,3.748299319727891,45.4421768707483,87,0,2022
18,61,9196.084175084176,3.8417508417508417,45.01010101010101,94,0,2022
18,62,9281.041237113403,3.8178694158075603,45.46735395189003,95,0,2022
18,63,9176.131487889274,3.7474048442906573,45.1522491349481,90,0,2022
18,64,9160.910839160839,3.7132867132867133,43.95629370629371,179,0,2022
20,1,6694.209775967413,2.374745417515275,17.938900203665987,133,0,2022
20,2,7535.416666666667,2.4357142857142855,23.330952380952382,161,0,2022
20,3,7220.13417721519,2.7620253164556963,22.741772151898733,121,0,2022
20,4,7791.28927680798,2.8428927680798006,25.795511221945137,126,0,2022
20,5,7858.770992366412,3.0,28.236641221374047,135,0,2022
20,6,7738.503937007874,2.931758530183727,24.72965879265092,133,0,2022
20,7,8003.781818181818,3.1324675324675324,29.23116883116883,130,0,2022
20,8,7862.792,3.2106666666666666,30.432,127,0,2022
20,9,8028.729508196721,3.2158469945355193,31.25136612021858,129,0,2022
20,10,7867.807588075881,3.2574525745257454,30.355013550135503,129,0,2022
20,11,8006.098092643052,3.1743869209809263,30.19891008174387,131,0,2022
20,12,8087.229050279329,3.2346368715083798,33.30446927374302,103,0,2022
20,13,7994.4363143631435,3.3333333333333335,32.97018970189702,118,0,2022
20,14,7755.871232876712,3.591780821917808,34.10958904109589,120,0,2022
20,15,8247.934065934065,3.3241758241758244,35.73351648351648,118,0,2022
20,16,8166.330508474576,3.3502824858757063,33.505649717514125,119,0,2022
20,17,8239.269340974211,3.361031518624642,34.87965616045845,115,0,2022
20,18,7911.690410958904,3.5178082191780824,34.775342465753425,120,0,2022
20,19,8328.804519774012,3.240677966101695,38.392090395480224,264,0,2022
22,1,7443.804828973843,1.6680080482897384,19.462776659959758,105,0,2022
22,2,7995.72380952381,1.930952380952381,22.654761904761905,127,0,2022
22,3,7974.342569269522,2.18639798488665,25.113350125944585,117,0,2022
22,4,8529.23940149626,2.346633416458853,29.952618453865338,111,0,2022
22,5,8870.373068432671,2.3863134657836644,29.75496688741722,157,0,2022
22,6,8772.234693877552,2.4056122448979593,31.56377551020408,128,0,2022
22,7,7703.401028277635,1.9125964010282777,27.922879177377894,115,0,2022
22,8,8748.053191489362,2.4361702127659575,28.6781914893617,135,0,2022
22,9,9034.203966005665,2.5269121813031163,33.039660056657226,132,0,2022
22,10,9005.60162601626,2.4471544715447155,32.25745257452574,135,0,2022
22,11,9111.142076502732,2.5382513661202184,33.83606557377049,134,0,2022
22,12,9141.893854748603,2.5,31.874301675977655,130,0,2022
22,13,9059.856,2.474666666666667,31.482666666666667,132,0,2022
22,14,9116.467567567568,2.5324324324324325,33.17297297297297,134,0,2022
22,15,9202.521978021978,2.53021978021978,32.6978021978022,140,0,2022
22,16,9101.52676056338,2.571830985915493,34.25633802816901,122,0,2022
22,17,9075.518207282914,2.5714285714285716,33.18487394957983,128,0,2022
22,18,9064.521246458924,2.586402266288952,33.26062322946176,131,0,2022
22,19,9226.265486725664,2.640117994100295,35.17994100294985,125,0,2022
22,20,8962.745803357315,2.645083932853717,36.66426858513189,144,0,2022
22,21,9278.064606741573,2.8342696629213484,38.81741573033708,130,0,2022
22,22,8396.287425149701,2.1377245508982035,34.01497005988024,116,0,2022
22,23,9288.392523364486,2.9034267912772584,36.86915887850467,126,0,2022
22,24,9290.75,3.2228915662650603,40.93674698795181,119,0,2022
22,25,9073.207877461708,3.087527352297593,39.21881838074398,167,0,2022
22,26,8116.41806722689,2.2373949579831933,21.644957983193276,106,0,2022
22,27,8162.695454545455,2.0090909090909093,21.422727272727272,73,0,2022
22,28,1730.183198769704,0.3990772779700115,26.05113417916186,1378,0,2022
22,30,5694.298076923077,1.1346153846153846,11.429487179487179,56,0,2022
22,31,8812.161725067386,3.035040431266846,35.26684636118598,124,0,2022
22,32,9003.695512820514,3.2788461538461537,42.31410256410256,97,0,2022
22,33,8530.27242524917,2.86046511627907,33.05980066445183,92,0,2022
22,34,8959.34294871795,3.3653846153846154,41.06730769230769,105,0,2022
22,35,9186.33660130719,3.473856209150327,40.326797385620914,114,0,2022
22,36,9139.993377483444,3.3874172185430464,41.67218543046358,107,0,2022
22,37,9043.860841423948,3.4045307443365695,41.909385113268605,101,0,2022
22,38,9071.368078175896,3.429967426710098,41.39413680781759,103,0,2022
22,39,9076.602693602694,3.484848484848485,42.387205387205384,95,0,2022
22,40,9157.013422818793,3.466442953020134,43.83557046979866,94,15,2022
22,41,9266.17880794702,3.5033112582781456,44.437086092715234,102,16,2022
22,42,9280.199324324325,3.489864864864865,44.354729729729726,98,19,2022
22,43,9254.754901960785,3.5098039215686274,43.37581699346405,99,16,2022
22,44,9202.636666666667,3.486666666666667,43.99666666666667,95,19,2022
22,45,9155.723684210527,3.536184210526316,43.9078947368421,92,16,2022
22,46,9241.003448275862,3.5689655172413794,43.54137931034483,89,12,2022
22,47,9319.160130718954,3.526143790849673,45.92156862745098,94,12,2022
22,48,9362.66881028939,3.527331189710611,47.762057877813504,90,18,2022
22,49,9302.187919463087,3.5,45.369127516778526,92,0,2022
22,50,9072.686411149825,3.299651567944251,42.47735191637631,89,0,2022
22,51,9435.726962457338,3.3924914675767917,48.215017064846414,80,0,2022
22,52,9533.713815789473,3.4572368421052633,46.79934210526316,86,0,2022
22,53,9493.448630136987,3.4794520547945207,49.32534246575342,76,0,2022
22,54,9578.914675767917,3.491467576791809,48.45733788395904,76,0,2022
22,55,9358.234449760766,3.3325358851674642,45.95933014354067,108,0,2022
22,56,8823.280757097791,3.2649842271293377,43.82018927444795,84,0,2022
22,57,7834.928315412187,2.4623655913978495,34.46594982078853,70,0,2022
22,58,9382.91017964072,3.5988023952095807,47.134730538922156,89,0,2022
22,59,8808.513793103448,3.106896551724138,44.03448275862069,77,0,2022
22,60,9311.3851590106,3.4275618374558303,48.399293286219084,70,0,2022
22,61,9612.695804195804,3.6818181818181817,51.81118881118881,73,0,2022
22,62,9673.583038869258,3.6996466431095407,53.113074204947,76,0,2022
22,63,9572.073214285714,3.6,50.74107142857143,141,0,2022
23,1,7506.8125,1.8208333333333333,20.502083333333335,138,0,2022
23,2,8365.87706855792,1.929078014184397,25.48936170212766,154,0,2022
23,3,8064.426395939086,2.2233502538071064,22.626903553299492,139,0,2022
23,4,8493.005025125629,2.3266331658291457,24.50502512562814,155,0,2022
23,5,8545.190839694656,2.49618320610687,26.078880407124682,150,0,2022
23,6,8593.335917312661,2.55297157622739,27.555555555555557,145,0,2022
23,7,8523.180878552972,2.612403100775194,26.48578811369509,145,0,2022
23,8,8641.614775725593,2.620052770448549,29.366754617414248,134,0,2022
23,9,8785.521978021978,2.5934065934065935,29.1510989010989,140,0,2022
23,10,8805.562189054726,2.756218905472637,32.86069651741293,146,0,2022
23,11,8358.69105691057,2.4850948509485096,25.758807588075882,153,0,2022
23,12,8731.756983240224,2.7206703910614527,29.92737430167598,140,0,2022
23,13,8775.826203208557,2.729946524064171,30.8475935828877,138,0,2022
23,14,8835.309139784946,2.7795698924731185,31.776881720430108,140,0,2022
23,15,8832.508241758242,2.826923076923077,32.00824175824176,149,0,2022
23,16,8937.8202247191,2.806179775280899,32.91011235955056,129,0,2022
23,17,8957.468384074942,2.9063231850117095,34.34660421545667,162,0,2022
23,18,8901.129032258064,2.8563049853372435,33.10263929618768,122,0,2022
23,19,8051.333333333333,2.086720867208672,29.333333333333332,138,0,2022
23,20,8748.439528023599,3.1710914454277286,34.67256637168141,130,0,2022
23,21,9195.738955823294,2.927710843373494,35.02008032128514,178,0,2022
23,22,8611.684210526315,2.811634349030471,27.869806094182824,129,0,2022
23,23,7231.863924050633,1.768987341772152,19.123417721518987,116,0,2022
23,24,8528.527027027027,3.116216216216216,32.432432432432435,150,0,2022
23,25,8609.852534562211,3.357142857142857,36.05069124423963,158,0,2022
23,26,8085.9667458432305,2.178147268408551,23.985748218527316,147,0,2022
23,27,8389.829268292682,2.1707317073170733,24.962059620596207,128,0,2022
23,28,1937.7827899924184,0.4694844579226687,4.6080363912054585,367,0,2022
23,30,6643.229850746268,1.492537313432836,11.877611940298507,80,0,2022
23,31,9047.05572755418,2.48297213622291,28.854489164086687,108,0,2022
23,32,8695.271523178808,3.2913907284768213,35.63576158940398,113,0,2022
23,33,8862.411960132891,3.4219269102990033,39.25249169435216,111,0,2022
23,34,9010.562711864406,3.5864406779661016,42.07118644067797,101,0,2022
23,35,9079.914383561643,3.691780821917808,40.178082191780824,100,0,2022
23,36,9020.258620689656,3.768965517241379,42.1,99,0,2022
23,37,9164.04054054054,3.766891891891892,43.90878378378378,102,0,2022
23,38,9215.34219269103,3.737541528239203,43.269102990033225,102,0,2022
23,39,9126.010489510489,3.7867132867132867,45.4020979020979,92,0,2022
23,40,9139.417808219177,3.8184931506849313,45.294520547945204,92,0,2022
23,41,9190.183946488294,3.8160535117056855,45.31438127090301,92,0,2022
23,42,9121.891156462585,3.7176870748299318,45.35034013605442,94,0,2022
23,43,9134.53,3.76,43.873333333333335,100,16,2022
23,44,9115.244224422442,3.745874587458746,43.554455445544555,103,16,2022
23,45,9140.118811881188,3.7524752475247523,42.56105610561056,105,0,2022
23,46,9118.710801393729,3.822299651567944,42.57491289198606,93,0,2022
23,47,9089.452768729641,3.765472312703583,41.986970684039086,104,16,2022
23,48,8635.835497835498,3.409090909090909,35.404761904761905,310,33,2022
24,1,6971.542222222222,1.9422222222222223,15.80888888888889,99,0,2022
24,2,8120.556354916067,2.3645083932853717,22.841726618705035,141,0,2022
24,3,8218.010152284263,2.4137055837563453,24.02030456852792,135,0,2022
24,4,8327.060301507538,2.4623115577889445,25.29145728643216,127,0,2022
24,5,8489.445012787724,2.5728900255754477,28.11253196930946,131,0,2022
24,6,8570.979434447301,2.652956298200514,29.030848329048844,125,0,2022
24,7,8505.485788113696,2.6253229974160206,28.286821705426355,123,0,2022
24,8,8594.15303430079,2.6464379947229553,30.95778364116095,118,0,2022
24,9,8533.29945054945,2.793956043956044,30.903846153846153,117,0,2022
24,10,8710.673796791443,2.697860962566845,31.799465240641712,123,0,2022
24,11,8778.520325203252,2.7560975609756095,34.89159891598916,111,0,2022
24,12,8628.745945945946,2.672972972972973,32.78648648648649,111,0,2022
24,13,8624.777188328913,2.7480106100795756,31.745358090185675,124,0,2022
24,14,8677.482573726542,2.89544235924933,35.41018766756032,110,0,2022
24,15,8697.848484848484,2.884297520661157,35.22314049586777,111,0,2022
24,16,8832.516759776536,2.9189944134078214,37.220670391061454,112,0,2022
24,17,8789.086834733893,2.9047619047619047,36.44817927170868,109,0,2022
24,18,8947.101694915254,3.002421307506053,38.94430992736078,123,0,2022
24,19,8663.274193548386,2.795698924731183,33.08870967741935,118,0,2022
24,20,7954.758720930233,2.2238372093023258,25.61046511627907,101,0,2022
24,21,9062.129213483146,3.0168539325842696,34.73314606741573,127,0,2022
24,22,8879.074404761905,3.2351190476190474,37.25,103,0,2022
24,23,8951.744117647058,3.1205882352941177,37.944117647058825,110,0,2022
24,24,8944.791390728476,3.347682119205298,39.182119205298015,91,0,2022
24,25,8956.421397379912,3.2620087336244543,42.10480349344978,140,0,2022
24,26,7817.983263598327,2.7426778242677825,22.594142259414227,169,0,2022
24,27,7831.542141230068,2.353075170842825,23.059225512528474,136,0,2022
24,28,1805.4601532567049,0.47183908045977013,18.273371647509578,1017,0,2022
24,30,6069.393292682927,1.4115853658536586,10.359756097560975,57,0,2022
24,31,8887.574344023324,3.17201166180758,38.029154518950435,106,0,2022
24,32,8854.398692810457,3.3529411764705883,42.326797385620914,85,0,2022
24,33,8830.270903010034,3.3545150501672243,40.779264214046826,92,0,2022
24,34,9117.137380191693,3.5814696485623,42.45047923322684,93,0,2022
24,35,9080.3125,3.6875,43.901315789473685,98,0,2022
24,36,9047.0625,3.651315789473684,43.0,100,0,2022
24,37,8937.07142857143,3.5844155844155843,41.3474025974026,108,0,2022
24,38,8997.704545454546,3.603896103896104,42.01298701298701,99,0,2022
24,39,9051.680134680135,3.6464646464646466,43.12457912457913,96,0,2022
24,40,9109.178451178452,3.6094276094276094,43.93939393939394,97,15,2022
24,41,9187.449180327869,3.685245901639344,45.291803278688526,95,17,2022
24,42,9193.972602739726,3.6883561643835616,43.93150684931507,99,22,2022
24,43,9126.59477124183,3.7091503267973858,42.88235294117647,107,0,2022
24,44,9288.082781456953,3.6556291390728477,44.59602649006622,102,20,2022
24,45,9180.177631578947,3.6940789473684212,44.223684210526315,96,17,2022
24,46,9132.166666666666,3.7256944444444446,44.60069444444444,99,0,2022
24,47,9247.728758169935,3.7254901960784315,46.16013071895425,98,14,2022
24,48,9269.85,3.81875,47.675,100,2,2022
24,49,9178.952542372881,3.705084745762712,46.66779661016949,99,20,2022
24,50,8938.05944055944,3.3636363636363638,36.48251748251748,108,11,2022
24,51,9262.340206185567,3.711340206185567,45.96219931271477,96,0,2022
24,52,9403.045751633987,3.7254901960784315,47.99346405228758,104,0,2022
24,53,9404.658703071673,3.7303754266211606,49.28668941979522,91,21,2022
24,54,9291.780068728522,3.7491408934707904,46.94158075601374,92,23,2022
24,55,9368.953642384105,3.7317880794701987,49.973509933774835,94,0,2022
24,56,9260.791390728476,3.6788079470198674,45.794701986754966,102,16,2022
24,57,9280.620689655172,3.696551724137931,46.36206896551724,97,8,2022
24,58,9393.691029900332,3.787375415282392,51.388704318936874,86,17,2022
24,59,9348.28947368421,3.7927631578947367,47.891447368421055,96,19,2022
24,60,9200.542207792209,3.4512987012987013,42.925324675324674,94,0,2022
24,61,9236.851851851852,3.7104377104377106,45.84511784511785,99,0,2022
24,62,9101.23569023569,3.606060606060606,44.25925925925926,96,21,2022
24,63,9296.915921288015,3.669051878354204,46.86225402504472,173,33,2022
31,1,7387.004016064257,1.8654618473895583,18.29116465863454,158,0,2022
31,2,8021.559523809524,2.0714285714285716,21.89761904761905,166,0,2022
31,3,7924.259541984733,2.2697201017811706,23.860050890585242,137,0,2022
31,4,8345.200501253134,2.4586466165413534,27.18045112781955,150,0,2022
31,5,8370.099216710183,2.6031331592689293,28.404699738903393,148,0,2022
31,6,8434.303341902314,2.652956298200514,29.380462724935732,148,0,2022
31,7,8453.399484536083,2.652061855670103,29.662371134020617,160,0,2022
31,8,8606.48395721925,2.644385026737968,31.27540106951872,137,0,2022
31,9,8629.0956284153,2.737704918032787,33.377049180327866,139,0,2022
31,10,8610.396121883656,2.7562326869806095,33.67590027700831,135,0,2022
31,11,8531.380555555555,2.8583333333333334,35.32222222222222,122,0,2022
31,12,8455.948275862069,2.8850574712643677,32.11494252873563,130,0,2022
31,13,8612.478021978022,2.9450549450549453,36.0,130,0,2022
31,14,8561.325,2.8833333333333333,36.30833333333333,124,0,2022
31,15,8574.137254901962,3.0476190476190474,36.1764705882353,133,0,2022
31,16,8721.502824858757,2.968926553672316,37.73728813559322,121,0,2022
31,17,8550.817663817665,2.9743589743589745,37.085470085470085,115,0,2022
31,18,8616.936962750717,3.0401146131805157,36.297994269340975,141,0,2022
31,19,8728.937313432836,2.997014925373134,37.985074626865675,126,0,2022
31,20,8551.399503722085,2.8784119106699753,37.40198511166253,148,0,2022
31,21,8816.247978436657,3.129380053908356,40.242587601078164,138,0,2022
31,22,8161.8938053097345,2.1946902654867255,27.781710914454276,129,0,2022
31,23,8675.012084592145,3.187311178247734,37.5558912386707,133,0,2022
31,24,8776.501577287067,3.2334384858044163,39.3186119873817,131,0,2022
31,25,8678.447916666666,3.1276041666666665,37.151041666666664,154,0,2022
31,26,8756.586757990868,3.1301369863013697,38.10045662100457,157,0,2022
31,27,8227.184210526315,2.272727272727273,27.954545454545453,155,0,2022
31,28,7943.272463768116,2.3420289855072465,23.318840579710145,128,0,2022
31,29,1866.8336755646817,0.5109202912077655,4.997946611909651,339,0,2022
31,31,7199.944572748268,1.9330254041570438,21.369515011547342,129,0,2022
31,32,7655.490566037736,2.19811320754717,22.556603773584907,121,0,2022
31,33,8154.483443708609,2.890728476821192,32.39403973509934,107,0,2022
31,34,8897.663461538461,3.391025641025641,40.56730769230769,121,0,2022
31,35,8862.575657894737,3.4901315789473686,43.1578947368421,113,0,2022
31,36,8805.495081967214,3.4918032786885247,43.1672131147541,103,0,2022
31,37,8804.251633986929,3.480392156862745,40.6764705882353,109,0,2022
31,38,8852.820261437908,3.542483660130719,43.150326797385624,111,0,2022
31,39,8888.31081081081,3.6317567567567566,42.78378378378378,104,0,2022
31,40,9049.084745762711,3.5661016949152544,43.94237288135593,107,0,2022
31,41,9072.590163934427,3.6524590163934425,45.73770491803279,109,0,2022
31,42,9018.505084745762,3.5559322033898306,45.65423728813559,102,0,2022
31,43,8945.176470588236,3.5686274509803924,44.23202614379085,102,13,2022
31,44,9048.215488215488,3.6632996632996635,46.205387205387204,95,18,2022
31,45,8947.276315789473,3.6282894736842106,43.87171052631579,107,17,2022
31,46,9025.204946996466,3.639575971731449,44.90106007067138,100,0,2022
31,47,9145.56146179402,3.617940199335548,47.07641196013289,105,0,2022
31,48,9199.324232081912,3.6791808873720138,47.907849829351534,96,0,2022
31,49,9158.722972972973,3.64527027027027,47.597972972972975,93,0,2022
31,50,9255.452961672474,3.6689895470383274,48.86411149825784,98,0,2022
31,51,9278.349480968858,3.7474048442906573,48.12456747404844,95,0,2022
31,52,9201.24406779661,3.6033898305084744,49.23389830508474,99,0,2022
31,53,9204.405405405405,3.6486486486486487,48.983108108108105,99,0,2022
31,54,9110.60701754386,3.575438596491228,47.08771929824562,101,14,2022
31,55,9158.579310344827,3.6517241379310343,48.675862068965515,91,16,2022
31,56,9194.08940397351,3.652317880794702,49.08278145695364,104,18,2022
31,57,9089.318339100346,3.629757785467128,47.6643598615917,107,17,2022
31,58,9117.36013986014,3.674825174825175,48.15384615384615,103,18,2022
31,59,9128.343642611684,3.584192439862543,46.93127147766323,100,16,2022
31,60,9128.25167785235,3.62751677852349,48.19463087248322,103,15,2022
31,61,9116.221843003414,3.6109215017064846,48.232081911262796,98,15,2022
31,62,9176.462068965517,3.682758620689655,49.05862068965517,96,18,2022
31,63,9241.15570934256,3.6782006920415227,49.44290657439446,96,17,2022
31,64,9167.330388692579,3.607773851590106,49.533568904593636,187,32,2022
44,1,6616.396449704142,2.0453648915187377,18.495069033530573,114,0,2022
44,2,6993.21359223301,2.3980582524271843,23.152912621359224,123,0,2022
44,3,7238.129198966409,2.565891472868217,26.94315245478036,142,0,2022
44,4,7322.289340101523,3.1776649746192893,27.538071065989847,144,0,2022
44,5,7769.479057591623,3.141361256544503,31.56806282722513,130,0,2022
44,6,7802.778364116095,3.0686015831134563,31.0844327176781,147,0,2022
44,7,7966.68380462725,3.0539845758354756,33.47814910025707,136,0,2022
44,8,8149.024930747923,3.0249307479224377,34.91412742382271,131,0,2022
44,9,8237.065217391304,3.092391304347826,35.44565217391305,113,0,2022
44,10,8038.171348314607,3.196629213483146,35.01966292134831,100,0,2022
44,11,8267.122222222222,3.186111111111111,36.65277777777778,113,0,2022
44,12,8077.543417366946,3.2184873949579833,34.56022408963585,114,0,2022
44,13,7881.361643835617,3.3972602739726026,34.03013698630137,121,0,2022
44,14,8087.666666666667,3.4285714285714284,40.035714285714285,130,0,2022
44,15,8022.555240793201,3.2946175637393766,36.345609065155806,111,0,2022
44,16,7776.070175438596,2.584795321637427,33.97076023391813,111,0,2022
44,17,8710.894285714287,3.145714285714286,38.06857142857143,132,0,2022
44,18,8343.64,3.3257142857142856,38.04857142857143,137,0,2022
44,19,8417.146268656716,3.283582089552239,38.25970149253731,120,0,2022
44,20,8335.868035190615,3.4193548387096775,38.08797653958944,128,0,2022
44,21,8154.795,3.1025,35.4225,135,0,2022
44,22,8420.685131195336,3.434402332361516,40.5131195335277,105,0,2022
44,23,8024.703125,2.890625,41.103125,100,0,2022
44,24,8738.086816720257,3.4308681672025725,43.363344051446944,103,0,2022
44,25,9102.094827586207,3.6350574712643677,45.83045977011494,116,0,2022
44,26,8585.859447004608,3.486175115207373,40.25115207373272,130,0,2022
44,27,7520.2591743119265,2.639908256880734,24.488532110091743,140,0,2022
44,28,7801.1548223350255,2.49746192893401,28.083756345177665,128,0,2022
44,29,1886.8436045429157,0.510333271271644,4.604915285794079,348,0,2022
44,31,6863.523148148148,2.053240740740741,21.43287037037037,123,0,2022
44,32,7483.257142857143,2.3333333333333335,26.571428571428573,115,0,2022
44,33,7904.813953488372,3.1096345514950166,35.98338870431893,101,0,2022
44,34,8791.101910828025,3.5477707006369426,41.5,107,0,2022
44,35,8605.983552631578,3.7828947368421053,38.516447368421055,96,0,2022
44,36,8703.901639344262,3.760655737704918,40.41967213114754,91,0,2022
44,37,8471.983713355048,3.8469055374592833,40.416938110749186,87,0,2022
44,38,8622.118421052632,3.9342105263157894,39.99671052631579,86,0,2022
44,39,8855.963087248321,3.8926174496644297,42.939597315436245,90,0,2022
44,40,8900.040677966103,3.871186440677966,46.003389830508475,87,19,2022
44,41,8802.272131147542,3.944262295081967,41.885245901639344,94,13,2022
44,42,8672.773648648648,4.054054054054054,42.929054054054056,77,16,2022
44,43,8723.537704918033,3.9344262295081966,41.33114754098361,78,14,2022
44,44,8814.902356902357,4.037037037037037,43.91919191919192,84,19,2022
44,45,8723.692052980132,4.033112582781457,42.56622516556291,88,17,2022
44,46,8800.325174825175,4.041958041958042,44.61538461538461,84,16,2022
44,47,8929.486842105263,3.9967105263157894,46.12828947368421,87,12,2022
44,48,8954.836805555555,3.9895833333333335,43.635416666666664,86,14,2022
44,49,8996.213559322034,3.993220338983051,46.501694915254234,80,18,2022
44,50,9039.285211267606,4.0,48.79225352112676,83,0,2022
44,51,9174.319727891156,4.0272108843537415,48.59863945578231,88,0,2022
44,52,9080.342372881356,3.952542372881356,49.90169491525424,80,0,2022
44,53,9027.29865771812,3.9563758389261743,46.560402684563755,85,0,2022
44,54,8776.439024390244,3.9686411149825784,45.10452961672474,77,0,2022
44,55,9021.363321799308,4.0,48.397923875432525,82,0,2022
44,56,9038.704318936878,3.956810631229236,48.58139534883721,88,0,2022
44,57,8982.878472222223,3.9270833333333335,45.18402777777778,86,0,2022
44,58,8987.25087108014,3.9930313588850175,48.400696864111495,77,0,2022
44,59,8944.134020618556,3.9347079037800685,48.28865979381443,80,0,2022
44,60,8968.828282828283,3.952861952861953,48.05723905723906,81,0,2022
44,61,8854.741496598639,4.006802721088436,48.05102040816327,81,0,2022
44,62,8927.341379310345,4.0344827586206895,49.65172413793103,81,0,2022
44,63,9050.797250859106,3.9965635738831615,48.90034364261168,80,0,2022
44,64,9062.31448763251,3.8674911660777385,49.32508833922262,159,0,2022
47,1,7467.528806584362,1.8251028806584362,17.67283950617284,125,0,2022
47,2,7936.565011820331,2.141843971631206,22.68794326241135,147,0,2022
47,3,7636.43347639485,2.5214592274678114,22.130901287553648,159,0,2022
47,4,8118.66582278481,2.7746835443037976,25.141772151898735,147,0,2022
47,5,7779.428571428572,1.9973544973544974,26.433862433862434,129,0,2022
47,6,8619.078328981723,2.822454308093995,29.75195822454308,136,0,2022
47,7,8776.35824742268,2.7396907216494846,30.579896907216494,125,0,2022
47,8,8503.88,2.7333333333333334,28.248,123,0,2022
47,9,8845.362606232295,2.7308781869688383,30.1671388101983,125,0,2022
47,10,8757.595174262735,2.710455764075067,30.445040214477213,116,0,2022
47,11,8735.833333333334,2.8633879781420766,29.226775956284154,128,0,2022
47,12,8592.200557103064,2.871866295264624,28.284122562674096,131,0,2022
47,13,8728.654155495979,2.8284182305630026,29.43699731903485,133,0,2022
47,14,8738.508064516129,2.838709677419355,29.986559139784948,123,0,2022
47,15,8874.934065934065,2.8736263736263736,29.37087912087912,134,0,2022
47,16,9006.98920086393,2.9092872570194386,33.190064794816415,150,0,2022
47,17,8699.224324324325,2.8324324324324324,30.78108108108108,139,0,2022
47,18,7337.968944099379,1.9937888198757765,24.937888198757765,122,0,2022
47,19,8945.466076696166,3.0914454277286136,34.607669616519175,120,0,2022
47,20,9196.464705882352,3.164705882352941,37.09705882352941,119,0,2022
47,21,9191.202777777778,3.0694444444444446,35.65555555555556,134,0,2022
47,22,8922.612068965518,3.160919540229885,33.775862068965516,116,0,2022
47,23,8810.263803680982,3.079754601226994,31.365030674846626,109,0,2022
47,24,2892.2770161290323,1.1233870967741935,65.46774193548387,1558,0,2022
55,1,7289.612903225807,1.666034155597723,24.859582542694497,178,0,2022
55,2,8114.706766917293,1.844611528822055,29.952380952380953,152,0,2022
55,3,7391.676240208877,2.1305483028720626,26.694516971279374,116,0,2022
55,4,8071.664948453608,2.8118556701030926,30.286082474226806,129,0,2022
55,5,8471.072972972974,2.7837837837837838,32.74324324324324,121,0,2022
55,6,8540.372972972973,2.862162162162162,35.037837837837834,112,0,2022
55,7,8427.255936675461,2.994722955145119,36.16358839050132,113,0,2022
55,8,8317.760330578512,3.0853994490358128,36.099173553719005,111,0,2022
55,9,8363.264462809917,3.1046831955922864,35.446280991735534,130,0,2022
55,10,8266.27323943662,3.1183098591549294,35.03661971830986,121,0,2022
55,11,8336.883656509695,3.110803324099723,36.05263157894737,124,0,2022
55,12,8471.077586206897,3.2241379310344827,37.55747126436781,115,0,2022
55,13,8404.766570605187,3.2247838616714697,38.293948126801155,115,0,2022
55,14,8545.319327731093,3.19327731092437,38.91596638655462,121,0,2022
55,15,8520.575931232092,3.1977077363896846,38.10315186246418,105,0,2022
55,16,8485.030555555555,3.2472222222222222,40.50833333333333,111,0,2022
55,17,8606.589970501474,3.2359882005899707,40.58702064896755,106,0,2022
55,18,8738.655072463767,3.234782608695652,40.594202898550726,108,0,2022
55,19,8493.74328358209,3.2208955223880595,40.928358208955224,101,0,2022
55,20,8411.1725,3.1,39.1,121,0,2022
55,21,8646.427374301677,3.3379888268156424,42.04469273743017,109,0,2022
55,22,8073.936231884058,2.6,37.93913043478261,102,0,2022
55,23,8848.734939759037,3.4006024096385543,40.9789156626506,110,0,2022
55,24,8812.777429467085,3.122257053291536,36.0282131661442,122,0,2022
55,25,9050.081699346405,3.447712418300654,42.30065359477124,111,0,2022
55,26,9053.251152073733,3.5691244239631335,43.26267281105991,158,0,2022
55,27,8484.321503131525,2.5323590814196244,30.41544885177453,165,0,2022
55,28,8184.877777777778,2.088888888888889,27.702222222222222,162,0,2022
55,29,2326.7676699357457,0.48495096381467706,23.253466351031452,1573,0,2022
55,32,7826.5608974358975,1.8878205128205128,28.378205128205128,114,0,2022
55,33,8512.725423728814,2.5728813559322035,40.220338983050844,118,0,2022
55,34,8907.784053156147,3.511627906976744,40.285714285714285,107,0,2022
55,35,8996.307167235494,3.7679180887372015,44.08873720136519,100,0,2022
55,36,9031.074829931973,3.8299319727891157,45.22108843537415,102,0,2022
55,37,9338.882352941177,3.885813148788927,50.81660899653979,98,0,2022
55,38,9301.636678200692,3.8339100346020762,49.73702422145329,98,0,2022
55,39,9284.53103448276,3.796551724137931,49.37241379310345,96,0,2022
55,40,9300.744755244756,3.8496503496503496,49.59440559440559,100,0,2022
55,41,9401.240418118467,3.8850174216027873,50.65853658536585,99,0,2022
55,42,9395.201388888889,3.9027777777777777,51.94444444444444,96,0,2022
55,43,9425.444827586207,3.8448275862068964,50.98620689655172,100,0,2022
55,44,9280.411764705883,3.906574394463668,49.27681660899654,106,0,2022
55,45,9315.431034482759,3.886206896551724,50.69655172413793,100,0,2022
55,46,9355.757679180888,3.901023890784983,51.06825938566553,99,0,2022
55,47,9343.296819787985,3.989399293286219,50.00706713780919,102,0,2022
55,48,9293.46366782007,3.98961937716263,49.11764705882353,101,0,2022
55,49,9289.835016835017,3.8181818181818183,49.10437710437711,99,0,2022
55,50,9283.686411149825,3.947735191637631,49.41811846689895,106,0,2022
55,51,9219.79359430605,3.8362989323843415,47.7508896797153,104,0,2022
55,52,9261.034246575342,3.8904109589041096,49.61643835616438,100,0,2022
55,53,9281.573825503356,3.9496644295302015,48.75167785234899,101,0,2022
55,54,9248.662116040956,3.9146757679180886,48.80887372013652,101,0,2022
55,55,9214.698961937716,3.8961937716262978,49.28719723183391,104,16,2022
55,56,9098.819397993311,3.822742474916388,46.408026755852845,114,17,2022
55,57,9094.334437086092,3.781456953642384,46.93377483443709,106,18,2022
55,58,9165.552083333334,3.8020833333333335,48.138888888888886,104,13,2022
55,59,8949.899305555555,3.7847222222222223,44.6875,108,14,2022
55,60,9173.822147651006,3.8859060402684564,48.15436241610738,117,17,2022
55,61,9123.676870748299,3.8741496598639458,46.95578231292517,112,17,2022
55,62,9185.38698630137,3.839041095890411,47.43150684931507,105,13,2022
55,63,9221.962457337884,3.901023890784983,49.01023890784983,106,18,2022
55,64,9210.446236559139,3.826164874551971,48.795698924731184,185,18,2022
63,1,7035.513565891473,1.7596899224806202,18.527131782945737,123,0,2022
63,2,7713.392682926829,1.924390243902439,22.45609756097561,106,0,2022
63,3,7563.953125,2.125,23.643229166666668,101,0,2022
63,4,8441.946291560102,2.498721227621483,27.63682864450128,123,0,2022
63,5,8516.414438502674,2.7058823529411766,30.13903743315508,107,0,2022
63,6,8556.351851851852,2.67989417989418,32.333333333333336,113,0,2022
63,7,8630.963636363636,2.6987012987012986,32.885714285714286,116,0,2022
63,8,8778.234159779615,2.7052341597796143,34.94214876033058,103,0,2022
63,9,8651.60597826087,2.796195652173913,32.74728260869565,120,0,2022
63,10,8828.997183098592,2.7070422535211267,33.12676056338028,112,0,2022
63,11,8989.063360881542,2.6391184573002753,35.184573002754824,107,0,2022
63,12,9147.5,2.7613636363636362,37.24147727272727,108,0,2022
63,13,8887.310439560439,2.791208791208791,34.010989010989015,119,0,2022
63,14,9006.802259887005,2.8135593220338984,35.0225988700565,114,0,2022
63,15,9039.900826446281,2.7741046831955924,36.09366391184573,114,0,2022
63,16,9093.983286908078,2.8245125348189415,36.31476323119777,120,0,2022
63,17,9142.14705882353,2.7852941176470587,36.497058823529414,107,0,2022
63,18,9053.5,2.8275862068965516,37.41379310344828,102,0,2022
63,19,9197.418879056047,2.7905604719764012,37.86135693215339,101,0,2022
63,20,9066.445273631842,2.77363184079602,39.38059701492537,120,0,2022
63,21,9166.283667621776,2.891117478510029,38.51862464183381,107,0,2022
63,22,8288.074766355141,2.3551401869158877,34.545171339563865,90,0,2022
63,23,9346.401869158879,3.02803738317757,39.8411214953271,110,0,2022
63,24,9218.012861736335,3.4662379421221865,44.17363344051447,101,0,2022
63,25,9132.842271293375,3.413249211356467,41.46056782334385,96,0,2022
63,26,9177.15296803653,3.3767123287671232,43.98401826484018,133,0,2022
63,27,7680.817204301075,2.8559139784946237,23.918279569892473,100,0,2022
63,28,7879.849438202247,2.4089887640449437,21.44494382022472,108,0,2022
63,29,1846.6037209302326,0.44111627906976747,3.495627906976744,258,0,2022
63,31,7213.651982378855,1.698237885462555,16.748898678414097,88,0,2022
63,32,7546.568690095846,1.9680511182108626,19.0926517571885,69,0,2022
63,33,8580.819397993311,2.6421404682274248,31.8561872909699,72,0,2022
63,34,9115.554054054053,3.1722972972972974,41.08445945945946,92,0,2022
63,35,9301.517006802722,3.4727891156462585,44.034013605442176,88,0,2022
63,36,9318.026845637583,3.7583892617449663,48.17785234899329,87,0,2022
63,37,9232.461016949153,3.7457627118644066,44.75254237288136,92,0,2022
63,38,9249.94425087108,3.735191637630662,44.836236933797906,95,0,2022
63,39,9372.696245733789,3.8054607508532423,48.30034129692833,82,0,2022
63,40,9448.12323943662,3.76056338028169,49.03521126760563,79,0,2022
63,41,9358.334494773519,3.710801393728223,49.20557491289198,78,0,2022
63,42,9354.010452961673,3.745644599303136,48.88501742160279,80,0,2022
63,43,9406.482993197278,3.82312925170068,49.68707482993197,82,0,2022
63,44,9319.82191780822,3.8219178082191783,47.67465753424658,89,0,2022
63,45,9336.013793103448,3.8275862068965516,46.99655172413793,83,0,2022
63,46,9359.213559322034,3.759322033898305,47.44406779661017,85,0,2022
63,47,9335.255319148937,3.75531914893617,47.659574468085104,79,0,2022
63,48,9416.159863945579,3.7789115646258504,50.265306122448976,87,0,2022
63,49,9318.943143812709,3.7759197324414715,48.27759197324415,83,0,2022
63,50,9322.627177700348,3.731707317073171,48.57142857142857,73,0,2022
63,51,9319.672597864768,3.800711743772242,48.4270462633452,81,0,2022
63,52,9320.325423728813,3.830508474576271,49.14237288135593,80,0,2022
63,53,9264.633333333333,3.84,47.36333333333334,88,0,2022
63,54,9268.333333333334,3.8075601374570445,47.75945017182131,87,0,2022
63,55,9117.788732394367,3.676056338028169,45.33450704225352,85,0,2022
63,56,9150.86531986532,3.6632996632996635,46.235690235690235,87,0,2022
63,57,9245.924092409241,3.798679867986799,48.34983498349835,85,0,2022
63,58,9165.151724137932,3.8241379310344827,45.63103448275862,91,0,2022
63,59,9281.884353741496,3.7823129251700682,47.295918367346935,81,0,2022
63,60,9205.068259385665,3.733788395904437,47.79863481228669,85,0,2022
63,61,9163.823129251701,3.707482993197279,44.79931972789116,87,0,2022
63,62,9305.017182130585,3.7663230240549828,48.0893470790378,95,0,2022
63,63,9273.359060402685,3.751677852348993,48.93288590604027,84,0,2022
63,64,9301.718637992832,3.630824372759857,48.42652329749104,163,0,2022
77,1,7626.2474645030425,1.7119675456389452,17.612576064908723,150,0,2022
77,2,8268.447867298579,1.8886255924170616,23.251184834123222,181,0,2022
77,3,8004.93164556962,2.3088607594936708,23.815189873417722,144,0,2022
77,4,8185.15,2.535,26.7,149,0,2022
77,5,8237.57251908397,2.842239185750636,29.279898218829516,146,0,2022
77,6,7886.569553805774,2.874015748031496,26.37007874015748,138,0,2022
77,7,7892.584415584415,3.2,29.898701298701297,145,0,2022
77,8,8065.477211796247,3.0884718498659516,31.4798927613941,134,0,2022
77,9,8059.713114754099,3.1530054644808745,31.756830601092897,129,0,2022
77,10,8144.948509485095,3.138211382113821,33.19783197831978,129,0,2022
77,11,8011.3983739837395,3.13550135501355,31.86178861788618,125,0,2022
77,12,8214.879888268157,3.1983240223463687,34.61173184357542,117,0,2022
77,13,8422.444444444445,3.089430894308943,34.49051490514905,124,0,2022
77,14,8276.75136612022,3.191256830601093,35.013661202185794,123,0,2022
77,15,8440.282967032967,3.228021978021978,37.22527472527472,118,0,2022
77,16,8433.06534090909,3.125,34.31534090909091,124,0,2022
77,17,8446.691428571428,3.2685714285714287,36.24285714285714,119,0,2022
77,18,8522.374639769452,3.2680115273775217,36.69740634005764,123,0,2022
77,19,8478.269326683292,3.172069825436409,37.83291770573566,127,0,2022
77,20,8540.991780821918,3.4438356164383563,38.868493150684934,127,0,2022
77,21,8033.755882352942,2.335294117647059,34.91470588235294,123,0,2022
77,22,8822.958208955224,3.265671641791045,38.14029850746269,120,0,2022
77,23,8722.149700598802,3.3233532934131738,35.99700598802395,134,0,2022
77,24,8994.478964401294,3.381877022653722,40.019417475728154,121,0,2022
77,25,8778.534482758621,3.3201970443349755,37.748768472906406,157,0,2022
77,26,8554.33878504673,3.2616822429906542,33.373831775700936,151,0,2022
77,27,7885.177304964539,2.458628841607565,26.07565011820331,113,0,2022
77,28,8108.750692520775,2.2548476454293627,24.526315789473685,122,0,2022
77,29,1879.6363636363637,0.5146475146475147,16.0984690984691,857,0,2022
77,31,7495.338747099768,1.825986078886311,21.756380510440835,134,0,2022
77,32,7965.381703470031,2.1230283911671926,23.236593059936908,114,0,2022
77,33,8761.807947019868,2.8245033112582782,35.59933774834437,115,0,2022
77,34,8972.672025723472,3.4533762057877815,40.72347266881029,118,0,2022
77,35,8943.605263157895,3.664473684210526,42.29934210526316,114,0,2022
77,36,8896.137254901962,3.673202614379085,41.068627450980394,119,0,2022
77,37,8882.790849673203,3.7026143790849675,42.38235294117647,110,0,2022
77,38,8947.042345276874,3.7003257328990227,42.80456026058632,112,0,2022
77,39,9075.510135135135,3.8175675675675675,43.277027027027025,121,0,2022
77,40,9085.081632653062,3.7244897959183674,43.476190476190474,110,0,2022
77,41,9231.775244299673,3.804560260586319,46.69055374592834,114,0,2022
77,42,9089.91186440678,3.783050847457627,44.74915254237288,112,0,2022
77,43,9042.980198019803,3.7524752475247523,44.15511551155115,119,0,2022
77,44,9160.243333333334,3.82,47.43666666666667,114,0,2022
77,45,9140.728476821192,3.774834437086093,45.86092715231788,112,0,2022
77,46,9140.17894736842,3.778947368421053,45.589473684210525,97,0,2022
77,47,9186.403333333334,3.8233333333333333,47.63333333333333,104,0,2022
77,48,9231.383050847458,3.8677966101694916,48.33220338983051,106,0,2022
77,49,9272.646464646465,3.7777777777777777,48.53872053872054,105,0,2022
77,50,9244.861591695502,3.86159169550173,48.59861591695502,102,0,2022
77,51,9311.897260273972,3.9452054794520546,48.47260273972603,106,0,2022
77,52,9270.540816326531,3.82312925170068,47.90816326530612,104,0,2022
77,53,9294.237113402061,3.872852233676976,48.202749140893474,102,0,2022
77,54,9236.43661971831,3.7922535211267605,47.41549295774648,98,0,2022
77,55,9340.708474576271,3.830508474576271,47.911864406779664,108,0,2022
77,56,9401.380471380471,3.791245791245791,47.96296296296296,109,0,2022
77,57,9221.010344827586,3.920689655172414,47.110344827586204,104,0,2022
77,58,9472.61754385965,3.849122807017544,50.8,100,0,2022
77,59,9240.585616438357,3.828767123287671,47.67123287671233,107,0,2022
77,60,9245.468013468013,3.835016835016835,47.60942760942761,107,0,2022
77,61,9241.081632653062,3.7789115646258504,47.197278911564624,97,0,2022
77,62,9309.248275862068,3.8379310344827586,47.94137931034483,100,0,2022
77,63,9332.644599303136,3.8536585365853657,49.69337979094077,97,0,2022
77,64,9194.81403508772,3.857894736842105,47.36666666666667,195,0,2022
