DriverNumber,LapNumber,RPM,nGear,Throttle,Brake,DRS
2,1,9507.728070175439,3.7514619883040936,45.207602339181285,98,0
2,2,9467.6875,3.7976190476190474,44.74702380952381,107,15
2,3,9421.166666666666,3.8273809523809526,43.125,101,20
2,4,9429.387387387387,3.843843843843844,42.3033033033033,102,18
2,5,9452.302395209581,3.787425149700599,41.70059880239521,108,18
2,6,9420.128358208955,3.782089552238806,41.791044776119406,104,19
2,7,9620.401840490798,3.8466257668711656,46.377300613496935,99,6
2,8,9460.275449101797,3.877245508982036,44.52395209580838,98,0
2,9,9480.036253776436,3.8610271903323263,44.105740181268885,96,0
2,10,9439.90119760479,3.694610778443114,43.52994011976048,108,0
2,11,9537.978787878788,3.8424242424242423,47.72121212121212,98,0
2,12,9522.617469879518,3.789156626506024,46.325301204819276,99,0
2,13,9529.81626506024,3.7981927710843375,46.68674698795181,93,0
2,14,9482.994082840236,3.769230769230769,46.642011834319526,97,0
2,15,9473.442136498516,3.706231454005935,45.50148367952522,102,0
2,16,9414.253012048193,3.6897590361445785,44.39156626506024,99,0
2,17,9422.674351585014,3.786743515850144,45.36599423631124,104,0
2,18,9468.107462686567,3.7134328358208957,46.188059701492534,104,0
2,19,8770.110070257611,2.9648711943793913,43.59953161592506,130,0
2,20,9539.633633633634,3.750750750750751,48.97597597597598,105,0
2,21,9530.685358255452,3.8753894080996885,46.68847352024922,102,0
2,22,9530.075301204819,3.9186746987951806,47.29819277108434,99,0
2,23,9615.080996884735,3.931464174454829,47.83177570093458,97,0
2,24,9553.743827160493,3.9074074074074074,46.30246913580247,103,0
2,25,9524.88379204893,3.9510703363914375,46.61467889908257,97,0
2,26,9583.583333333334,3.8919753086419755,46.111111111111114,105,0
2,27,9551.219135802468,3.8703703703703702,45.925925925925924,101,0
2,28,9540.537764350453,3.770392749244713,44.042296072507554,116,0
2,29,9632.948012232417,3.8960244648318043,48.02140672782875,101,0
2,30,9509.086419753086,3.8549382716049383,44.92901234567901,102,0
2,31,9509.760606060607,3.8545454545454545,44.345454545454544,102,0
2,32,9476.547904191617,3.811377245508982,42.64071856287425,108,12
2,33,9481.110447761193,3.8149253731343284,42.22686567164179,118,15
2,34,9452.111782477341,3.7915407854984893,41.89123867069486,114,17
2,35,9295.076923076924,3.8431952662721893,41.73372781065089,109,21
2,36,9362.125,3.755952380952381,39.94642857142857,108,3
2,37,9476.70359281437,3.7934131736526946,43.02994011976048,110,15
2,38,9445.511976047905,3.7335329341317367,41.83832335329341,115,16
2,39,9420.805970149253,3.728358208955224,42.146268656716416,110,5
2,40,9526.644776119403,3.8328358208955224,44.84776119402985,110,12
2,41,9426.927272727273,3.812121212121212,42.81818181818182,110,16
2,42,9453.422619047618,3.830357142857143,42.955357142857146,117,20
2,43,9355.266666666666,3.7484848484848485,40.95454545454545,108,3
2,44,9425.520710059172,3.8165680473372783,43.710059171597635,104,13
2,45,9456.289085545723,3.746312684365782,42.176991150442475,117,15
2,46,9393.964285714286,3.7708333333333335,41.214285714285715,111,4
2,47,9409.480597014925,3.8835820895522386,44.080597014925374,103,0
2,48,9540.776758409786,3.837920489296636,44.68501529051988,106,0
2,49,9411.072948328267,3.8541033434650456,44.04255319148936,104,0
2,50,9481.218181818182,3.878787878787879,44.24242424242424,104,14
2,51,9456.33836858006,3.794561933534743,43.042296072507554,106,5
2,52,9422.495495495496,3.810810810810811,42.207207207207205,116,12
2,53,9472.84592145015,3.8519637462235647,44.468277945619334,107,21
2,54,9483.20606060606,3.8333333333333335,44.10909090909091,109,6
2,55,9470.401812688822,3.8519637462235647,43.894259818731115,103,0
2,56,9514.256097560976,3.8536585365853657,45.673780487804876,97,0
2,57,9581.484662576688,3.914110429447853,46.61963190184049,103,0
2,58,9521.259375,3.78125,44.278125,102,0
2,59,9615.821538461538,3.852307692307692,45.495384615384616,104,0
2,60,9559.171686746988,3.9578313253012047,46.566265060240966,98,0
2,61,9549.24074074074,3.8641975308641974,45.148148148148145,99,0
2,62,9552.887195121952,3.8719512195121952,45.71341463414634,102,0
2,63,9566.655279503106,3.8354037267080745,45.32608695652174,97,0
2,64,9523.741641337387,3.86322188449848,44.61702127659574,110,0
2,65,9557.664634146342,3.8628048780487805,44.792682926829265,105,0
2,66,9522.91743119266,3.850152905198777,43.85932721712538,98,0
2,67,9453.31419939577,3.8519637462235647,43.47432024169184,110,13
2,68,9455.648318042813,3.8103975535168195,42.948012232415905,107,16
2,69,9533.899696048633,3.8480243161094223,44.851063829787236,110,19
2,70,9392.833827893175,3.792284866468843,42.98813056379822,114,21
2,71,8033.981854838709,2.5625,31.588709677419356,147,5
2,72,9400.810055865923,3.463687150837989,41.21508379888268,111,14
2,73,9666.827692307692,3.9015384615384616,44.36615384615384,108,23
2,74,9561.91975308642,3.9537037037037037,45.611111111111114,105,3
2,75,9655.02492211838,3.9501557632398754,46.679127725856695,103,0
2,76,9658.673913043478,3.888198757763975,43.06832298136646,105,0
2,77,5119.447674418605,1.5162790697674418,21.951162790697673,198,0
3,1,9426.851063829787,3.702127659574468,49.17629179331307,72,0
3,2,9426.399380804953,3.637770897832817,47.4891640866873,76,0
3,3,9444.449541284404,3.6819571865443423,47.81651376146789,70,0
3,4,9479.205607476635,3.6666666666666665,47.19314641744548,71,0
3,5,9459.804281345565,3.709480122324159,48.32415902140673,76,0
3,6,9474.168224299065,3.7133956386292835,47.940809968847354,85,0
3,7,9493.640866873066,3.6873065015479876,47.362229102167184,76,0
3,8,9519.987577639751,3.6956521739130435,47.57453416149068,75,0
3,9,9485.50773993808,3.7120743034055725,48.126934984520126,78,0
3,10,9548.915625,3.765625,49.046875,76,0
3,11,9507.732087227414,3.7289719626168223,48.177570093457945,78,0
3,12,9601.892063492063,3.7746031746031745,51.43174603174603,78,0
3,13,9634.129337539433,3.7476340694006307,50.11356466876972,77,0
3,14,9624.723472668811,3.7234726688102895,49.18327974276527,82,0
3,15,9510.043613707165,3.7258566978193146,47.31152647975078,79,0
3,16,8893.14910025707,3.0796915167095116,47.19794344473008,101,0
3,17,9448.274336283186,3.4129793510324484,46.86725663716814,77,0
3,18,9390.599388379205,3.654434250764526,45.51681957186544,72,0
3,19,9294.363636363636,3.6484848484848484,44.31515151515151,73,0
3,20,9314.094801223242,3.6605504587155964,45.43730886850153,76,0
3,21,9309.17933130699,3.641337386018237,44.40425531914894,75,0
3,22,9351.822085889571,3.6717791411042944,45.11963190184049,75,0
3,23,9419.530487804877,3.6341463414634148,44.34451219512195,77,0
3,24,9298.064024390244,3.6219512195121952,44.76829268292683,72,0
3,25,9296.41717791411,3.665644171779141,44.75766871165644,75,0
3,26,9314.608955223881,3.653731343283582,44.63283582089552,75,0
3,27,9531.818452380952,3.5267857142857144,48.4375,75,0
3,28,9525.267692307692,3.5784615384615384,50.098461538461535,73,0
3,29,9544.585889570551,3.6012269938650308,48.13496932515337,68,0
3,30,9467.406060606061,3.5757575757575757,47.14242424242424,70,0
3,31,9478.246246246246,3.6036036036036037,48.53453453453454,68,0
3,32,9530.2749244713,3.5619335347432024,47.09969788519638,67,0
3,33,9462.714285714286,3.525835866261398,46.209726443769,71,0
3,34,9446.017857142857,3.5863095238095237,46.92261904761905,72,0
3,35,9385.335329341317,3.553892215568862,46.40718562874252,67,0
3,36,9444.22188449848,3.4680851063829787,45.10334346504559,74,0
3,37,9431.139880952382,3.550595238095238,46.69940476190476,72,0
3,38,9449.388059701492,3.5701492537313433,46.55820895522388,70,0
3,39,9377.345238095239,3.5416666666666665,46.87202380952381,74,0
3,40,9409.234939759037,3.5903614457831323,46.933734939759034,70,0
3,41,9384.394029850746,3.555223880597015,45.85671641791045,68,0
3,42,9357.395136778116,3.5379939209726445,45.03343465045592,76,0
3,43,9388.853293413174,3.55688622754491,46.452095808383234,73,0
3,44,9467.973372781065,3.606508875739645,47.40828402366864,68,0
3,45,9387.762762762763,3.5645645645645647,45.069069069069066,72,0
3,46,9407.759036144578,3.5572289156626504,44.65060240963855,68,0
3,47,9440.368263473054,3.592814371257485,45.15568862275449,67,0
3,48,9392.407854984895,3.5317220543806647,43.8368580060423,69,0
3,49,9386.669642857143,3.5922619047619047,44.87202380952381,65,0
3,50,9385.654545454545,3.56969696969697,44.515151515151516,68,0
3,51,9364.89090909091,3.5727272727272728,44.73030303030303,70,0
3,52,9441.005952380952,3.5952380952380953,45.586309523809526,74,0
3,53,9387.744807121662,3.4658753709198815,43.00593471810089,63,0
3,54,9413.724242424243,3.584848484848485,45.59090909090909,67,0
3,55,9518.094224924012,3.635258358662614,48.46808510638298,66,0
3,56,9473.158878504673,3.5763239875389408,46.57632398753894,70,0
3,57,9566.857575757576,3.609090909090909,48.775757575757574,68,0
3,58,9512.939209726444,3.617021276595745,47.559270516717326,67,0
3,59,9448.60923076923,3.5876923076923077,46.44307692307692,68,0
3,60,9471.129230769231,3.5753846153846154,46.45230769230769,68,0
3,61,9532.85846153846,3.624615384615385,48.32923076923077,67,0
3,62,9530.538461538461,3.6153846153846154,48.07692307692308,70,0
3,63,9521.018404907976,3.6134969325153374,47.41104294478528,68,0
3,64,9528.625,3.6402439024390243,48.98170731707317,66,0
3,65,9543.68923076923,3.609230769230769,48.067692307692305,68,0
3,66,9562.067484662577,3.6165644171779143,47.93251533742331,70,0
3,67,9591.33962264151,3.588050314465409,48.374213836477985,68,0
3,68,9579.846385542169,3.6656626506024095,49.65060240963855,70,0
3,69,9550.350931677018,3.630434782608696,49.2888198757764,65,0
3,70,9537.138036809816,3.6226993865030677,49.32208588957055,70,0
3,71,9454.63963963964,3.5195195195195197,44.891891891891895,76,0
3,72,8736.29017857143,2.4955357142857144,30.589285714285715,97,0
3,73,9277.832417582418,3.2005494505494507,43.29945054945055,74,0
3,74,9598.596273291925,3.6180124223602483,50.14596273291925,70,0
3,75,9629.60815047022,3.6394984326018807,50.175548589341695,71,0
3,76,9634.043076923077,3.686153846153846,51.59384615384615,73,0
3,77,9496.447852760737,3.6196319018404908,44.75766871165644,73,0
3,78,6296.061627906976,1.1209302325581396,13.986046511627906,87,0
5,1,9186.778787878788,3.9212121212121214,49.224242424242426,101,0
5,2,9187.932515337423,3.920245398773006,49.147239263803684,96,0
5,3,9181.611111111111,3.962962962962963,49.76543209876543,87,0
5,4,9228.293209876543,3.9444444444444446,49.67901234567901,85,0
5,5,9240.11620795107,3.9755351681957185,50.89296636085627,94,0
5,6,9220.183800623054,4.006230529595015,50.61993769470405,92,0
5,7,9254.891640866874,3.9659442724458205,51.65325077399381,91,0
5,8,9200.222910216718,4.006191950464396,49.758513931888544,90,0
5,9,9348.080745341615,3.984472049689441,52.43788819875776,85,0
5,10,9336.79430379747,3.9588607594936707,52.43987341772152,87,0
5,11,9277.211180124224,4.003105590062112,51.6583850931677,85,0
5,12,9443.267080745341,4.024844720496894,54.940993788819874,85,0
5,13,9401.817034700316,3.9747634069400632,54.90220820189275,77,0
5,14,9420.060126582279,3.9145569620253164,54.06012658227848,84,0
5,15,8627.54381443299,3.1804123711340204,52.108247422680414,105,0
5,16,9483.20241691843,3.6012084592145017,55.80664652567976,87,0
5,17,9288.720858895706,3.938650306748466,50.47852760736196,85,0
5,18,9195.537037037036,3.9074074074074074,48.03703703703704,87,0
5,19,9219.671732522796,3.930091185410334,49.39817629179331,88,0
5,20,9094.064220183487,3.920489296636086,47.03669724770642,88,0
5,21,9083.426829268292,3.972560975609756,47.30487804878049,84,0
5,22,9065.15644171779,3.9754601226993866,47.29754601226994,93,0
5,23,9116.871951219513,3.942073170731707,46.89329268292683,90,0
5,24,9089.079268292682,3.9390243902439024,46.603658536585364,89,0
5,25,9049.863636363636,3.984848484848485,47.04848484848485,93,0
5,26,9057.41087613293,3.897280966767372,47.1178247734139,93,0
5,27,9106.846385542169,3.9156626506024095,48.105421686746986,95,0
5,28,9217.267692307692,3.876923076923077,50.30769230769231,94,16
5,29,9229.80303030303,3.8454545454545452,49.03333333333333,97,4
5,30,9144.877675840979,3.831804281345566,48.305810397553515,93,0
5,31,9170.60960960961,3.8378378378378377,47.93993993993994,96,0
5,32,9162.512121212121,3.8424242424242423,48.4,96,0
5,33,9018.961077844311,3.8802395209580838,47.48203592814371,94,0
5,34,9067.969604863221,3.778115501519757,45.83586626139817,95,0
5,35,9078.91369047619,3.8839285714285716,47.19047619047619,96,0
5,36,9050.760479041915,3.811377245508982,46.78443113772455,94,0
5,37,9087.5625,3.8422619047619047,47.43154761904762,95,0
5,38,8070.820895522388,3.8477611940298506,40.92238805970149,93,0
5,39,9048.432024169184,3.7915407854984893,46.34743202416919,103,0
5,40,9060.636636636636,3.8618618618618616,46.453453453453456,97,0
5,41,9048.189759036144,3.8042168674698793,46.993975903614455,96,0
5,42,9080.604166666666,3.8363095238095237,47.05357142857143,94,0
5,43,9052.492581602373,3.8664688427299705,47.13649851632047,100,0
5,44,9081.945454545454,3.815151515151515,46.50909090909091,101,0
5,45,9088.301492537314,3.8716417910447762,47.3910447761194,98,0
5,46,9043.27245508982,3.8862275449101795,46.92814371257485,102,0
5,47,9048.25,3.8048780487804876,47.015243902439025,94,0
5,48,9074.277611940299,3.8328358208955224,45.865671641791046,95,0
5,49,9059.042042042041,3.8468468468468466,46.525525525525524,92,0
5,50,9061.220895522389,3.8656716417910446,46.05074626865672,96,0
5,51,9090.881458966565,3.8328267477203646,46.15501519756839,94,0
5,52,9071.003039513678,3.811550151975684,45.796352583586625,93,0
5,53,9062.120234604106,3.7947214076246336,44.86510263929619,99,0
5,54,9148.20241691843,3.8731117824773413,47.21752265861027,96,0
5,55,9180.496913580248,3.8395061728395063,48.388888888888886,100,0
5,56,9242.396341463415,3.8597560975609757,49.948170731707314,100,13
5,57,9204.070336391438,3.819571865443425,48.56269113149847,95,4
5,58,9208.227963525836,3.8662613981762917,48.95744680851064,90,0
5,59,9207.324159021407,3.8287461773700304,48.22018348623853,90,0
5,60,9208.024390243903,3.8445121951219514,48.3719512195122,95,0
5,61,9260.442367601247,3.850467289719626,49.06542056074766,92,11
5,62,9244.618902439024,3.8597560975609757,48.951219512195124,95,7
5,63,9216.897832817338,3.829721362229102,48.743034055727556,94,14
5,64,9203.823529411764,3.8544891640866874,48.94427244582043,99,6
5,65,9248.655384615384,3.84,48.20307692307692,96,0
5,66,9261.340490797545,3.892638036809816,49.75766871165644,100,0
5,67,9290.498489425981,3.897280966767372,49.87613293051359,98,0
5,68,9241.844512195123,3.8963414634146343,49.8140243902439,96,0
5,69,9319.2375,3.803125,49.521875,95,0
5,70,9303.312693498452,3.873065015479876,50.3312693498452,93,0
5,71,9066.166172106825,3.8100890207715135,45.29970326409496,109,0
5,72,8303.704194260486,2.69757174392936,30.282560706401767,123,0
5,73,8782.327956989247,3.389784946236559,41.3494623655914,122,0
5,74,9291.767080745341,3.841614906832298,48.98757763975155,93,0
5,75,9322.217791411043,3.776073619631902,49.29141104294479,97,0
5,76,9267.277777777777,3.8487654320987654,49.0,93,0
5,77,9256.030581039755,3.834862385321101,47.98776758409786,102,0
5,78,4951.09375,1.7776442307692308,12.376201923076923,76,0
7,1,9295.978723404256,3.838905775075988,46.69604863221885,93,0
7,2,9292.103658536585,3.8201219512195124,46.52439024390244,99,0
7,3,9315.003058103975,3.856269113149847,46.75535168195719,95,17
7,4,9226.648148148148,3.873456790123457,46.48148148148148,101,20
7,5,9329.657407407407,3.845679012345679,47.358024691358025,96,20
7,6,9354.191358024691,3.8117283950617282,47.623456790123456,93,22
7,7,9510.852307692308,3.793846153846154,48.73538461538462,97,4
7,8,9401.710280373833,3.850467289719626,49.532710280373834,89,0
7,9,9332.583333333334,3.9074074074074074,49.22530864197531,94,0
7,10,9377.603715170279,3.808049535603715,48.35294117647059,93,0
7,11,9312.8,3.8492307692307692,47.747692307692304,94,18
7,12,9580.761755485893,3.830721003134796,51.29780564263323,95,5
7,13,9606.273291925465,3.7857142857142856,52.2111801242236,90,0
7,14,9584.19435736677,3.761755485893417,52.26959247648903,90,0
7,15,9554.846625766872,3.736196319018405,51.46319018404908,90,0
7,16,8755.646766169155,2.987562189054726,53.47014925373134,116,0
7,17,9754.934131736527,3.3922155688622753,52.31437125748503,93,0
7,18,9372.043343653251,3.873065015479876,48.46749226006192,92,0
7,19,9536.482866043614,3.7601246105919004,49.78816199376947,97,0
7,20,9352.396284829721,3.8421052631578947,48.22291021671827,93,0
7,21,9397.569230769232,3.8153846153846156,47.824615384615385,92,0
7,22,9248.5,3.8363636363636364,44.76969696969697,95,0
7,23,9166.384146341463,3.850609756097561,44.58536585365854,103,10
7,24,9170.217125382263,3.859327217125382,44.90519877675841,101,5
7,25,9186.253776435045,3.809667673716012,44.220543806646525,98,0
7,26,9272.570149253732,3.7970149253731345,45.113432835820895,97,0
7,27,9328.450151057401,3.7401812688821754,45.873111782477345,95,0
7,28,9193.28484848485,3.7151515151515153,44.45757575757576,101,0
7,29,9254.482035928144,3.745508982035928,45.01197604790419,98,0
7,30,9306.30303030303,3.6818181818181817,45.403030303030306,96,0
7,31,9337.294832826748,3.7537993920972643,46.69908814589666,97,0
7,32,9255.132930513595,3.782477341389728,46.45921450151057,95,0
7,33,9363.872727272726,3.6818181818181817,45.95151515151515,98,0
7,34,9297.381818181819,3.690909090909091,46.054545454545455,100,0
7,35,9359.519637462236,3.634441087613293,46.01510574018127,100,0
7,36,9345.77245508982,3.751497005988024,47.48502994011976,93,0
7,37,9303.46827794562,3.7250755287009065,46.283987915407856,98,0
7,38,9272.024242424242,3.727272727272727,46.75454545454546,96,0
7,39,9297.30421686747,3.75,46.66867469879518,104,0
7,40,9240.259036144578,3.7439759036144578,45.45783132530121,99,0
7,41,9320.033232628399,3.6827794561933533,45.389728096676734,98,0
7,42,9271.427710843374,3.7198795180722892,46.075301204819276,97,0
7,43,9145.379104477612,3.8,45.33731343283582,100,0
7,44,9253.172727272728,3.684848484848485,45.00606060606061,101,0
7,45,9251.531343283583,3.764179104477612,45.98805970149254,99,0
7,46,9205.344410876132,3.7220543806646527,45.78247734138973,101,0
7,47,9331.447129909366,3.694864048338369,45.43202416918429,99,0
7,48,9297.492537313432,3.734328358208955,46.48656716417911,94,0
7,49,9351.395136778116,3.689969604863222,46.610942249240125,92,0
7,50,9267.930513595165,3.72809667673716,46.096676737160124,94,0
7,51,9215.248502994013,3.769461077844311,45.17065868263473,99,0
7,52,9181.616314199397,3.7583081570996977,44.24773413897281,98,0
7,53,9058.297297297297,3.7567567567567566,43.090090090090094,113,0
7,54,9200.259701492538,3.8,44.40298507462686,101,0
7,55,9099.92987804878,3.774390243902439,43.39329268292683,100,0
7,56,9136.337386018236,3.9088145896656536,44.39817629179331,97,0
7,57,9136.682779456194,3.8429003021148036,44.31117824773414,102,0
7,58,8992.884498480244,3.975683890577508,43.88449848024316,97,0
7,59,9158.252307692308,3.790769230769231,44.316923076923075,102,0
7,60,9286.791540785498,3.788519637462236,45.595166163142,111,0
7,61,9113.040247678018,3.8792569659442724,43.94117647058823,94,0
7,62,9083.324242424242,3.963636363636364,44.054545454545455,99,0
7,63,9109.868501529052,3.90519877675841,43.547400611620795,96,0
7,64,9335.586626139817,3.735562310030395,45.32522796352583,95,0
7,65,9158.396969696969,3.8545454545454545,44.736363636363635,98,0
7,66,9056.498461538462,3.876923076923077,41.996923076923075,95,0
7,67,9080.732732732733,3.933933933933934,42.07507507507508,93,0
7,68,9022.139393939395,3.9484848484848483,42.63636363636363,101,0
7,69,9404.076452599389,3.785932721712538,45.137614678899084,97,0
7,70,9309.515337423312,3.7423312883435584,44.08895705521472,98,0
7,71,8657.226158038147,3.4359673024523163,36.76566757493188,119,0
7,72,8182.57305936073,2.9452054794520546,28.64611872146119,145,0
7,73,9403.243323442137,3.537091988130564,47.55192878338279,110,0
7,74,9374.31076923077,3.7353846153846155,45.815384615384616,101,0
7,75,9210.835365853658,3.850609756097561,45.39939024390244,107,0
7,76,9305.141104294478,3.766871165644172,45.18098159509202,100,0
7,77,9341.365558912386,3.7613293051359515,47.15407854984894,107,0
7,78,4950.13282247765,1.632183908045977,8.016602809706258,131,0
8,1,9318.632653061224,3.565597667638484,37.326530612244895,100,0
8,2,9502.217910447762,3.5970149253731343,39.33731343283582,95,16
8,3,9423.717261904761,3.5773809523809526,37.657738095238095,90,13
8,4,9427.58858858859,3.6006006006006004,37.747747747747745,95,15
8,5,9453.602409638554,3.605421686746988,37.6355421686747,93,13
8,6,9439.581602373888,3.6409495548961424,38.240356083086056,82,18
8,7,9412.002949852507,3.657817109144543,37.52212389380531,81,16
8,8,9255.324404761905,3.5476190476190474,36.583333333333336,97,9
8,9,9628.080118694363,3.7032640949554896,43.56973293768546,89,8
8,10,9532.063636363637,3.5545454545454547,42.53030303030303,86,0
8,11,9493.618343195267,3.529585798816568,41.12721893491124,92,0
8,12,9413.293051359517,3.598187311178248,40.842900302114806,83,0
8,13,9454.2944606414,3.6151603498542273,43.07871720116618,84,0
8,14,8549.4578313253,2.8409638554216867,34.44578313253012,114,0
8,15,9621.845029239767,3.301169590643275,42.228070175438596,87,0
8,16,9693.474164133739,3.6474164133738602,42.8936170212766,83,0
8,17,9595.68,3.5723076923076924,41.84307692307692,85,13
8,18,9482.507288629738,3.5510204081632653,37.94169096209912,98,19
8,19,9619.59633027523,3.7247706422018347,44.18042813455658,82,4
8,20,9651.68670886076,3.6012658227848102,41.857594936708864,75,0
8,21,9651.626139817628,3.735562310030395,43.74772036474164,80,0
8,22,9654.066869300912,3.696048632218845,42.92401215805471,78,0
8,23,9621.23125,3.721875,42.21875,77,0
8,24,9670.126153846153,3.723076923076923,43.87692307692308,78,0
8,25,9692.5626911315,3.7308868501529053,43.642201834862384,75,0
8,26,9598.907120743033,3.6594427244582044,42.28482972136223,84,0
8,27,9692.510638297872,3.7203647416413372,43.30395136778115,79,0
8,28,9599.094801223242,3.6269113149847096,40.608562691131496,80,0
8,29,9543.65191740413,3.5870206489675516,40.89675516224189,88,0
8,30,9655.552469135802,3.564814814814815,41.83641975308642,85,0
8,31,9610.087613293052,3.6435045317220545,43.616314199395774,80,0
8,32,9676.577507598784,3.559270516717325,42.94528875379939,87,0
8,33,9513.038805970149,3.5940298507462685,41.64776119402985,88,0
8,34,9530.310447761194,3.6059701492537313,42.134328358208954,85,0
8,35,9503.559880239522,3.6137724550898205,42.544910179640716,82,0
8,36,9510.280966767372,3.5558912386706947,40.70694864048338,89,0
8,37,9482.718934911243,3.588757396449704,41.57692307692308,86,0
8,38,9499.131343283581,3.591044776119403,42.1044776119403,84,0
8,39,9472.828402366864,3.588757396449704,41.18343195266272,90,0
8,40,9537.483582089551,3.4925373134328357,40.34626865671642,85,0
8,41,9516.852507374631,3.578171091445428,41.89085545722714,91,0
8,42,9586.560240963856,3.5120481927710845,43.40963855421687,91,0
8,43,9571.70996978852,3.5498489425981874,43.244712990936556,87,0
8,44,9592.63063063063,3.5735735735735736,45.009009009009006,87,0
8,45,9599.443452380952,3.5863095238095237,45.160714285714285,85,0
8,46,9582.691842900302,3.5498489425981874,45.081570996978854,80,0
8,47,9581.694864048339,3.5589123867069485,44.0,81,0
8,48,9595.852760736196,3.5245398773006134,44.987730061349694,87,0
8,49,9490.115384615385,3.636094674556213,44.624260355029584,87,0
8,50,9473.733333333334,3.6424242424242426,44.66969696969697,86,0
8,51,9517.426865671641,3.6776119402985072,45.48059701492537,85,0
8,52,9393.889221556887,3.595808383233533,42.11377245508982,93,0
8,53,9506.542424242425,3.621212121212121,44.093939393939394,86,0
8,54,9570.732522796352,3.641337386018237,45.79331306990881,85,0
8,55,9521.666666666666,3.654434250764526,46.067278287461775,84,0
8,56,9518.140243902439,3.649390243902439,45.58841463414634,85,0
8,57,9557.33434650456,3.653495440729483,46.11854103343465,88,0
8,58,9509.796352583586,3.641337386018237,45.462006079027354,85,0
8,59,9513.854545454546,3.675757575757576,45.06969696969697,82,0
8,60,9550.216049382716,3.611111111111111,44.79938271604938,85,0
8,61,9488.312883435583,3.6349693251533743,44.1840490797546,86,0
8,62,9579.51051051051,3.690690690690691,46.31531531531532,85,0
8,63,9548.163141993959,3.673716012084592,45.49546827794562,82,0
8,64,9486.66565349544,3.5835866261398177,43.68693009118541,90,0
8,65,9490.487951807228,3.6506024096385543,44.243975903614455,78,0
8,66,9438.429850746268,3.6417910447761193,43.994029850746266,90,0
8,67,8581.80831408776,2.653579676674365,28.683602771362587,109,0
8,68,9487.883233532933,3.461077844311377,43.59580838323353,92,0
8,69,9961.829652996845,3.7476340694006307,49.381703470031546,82,0
8,70,8737.11170212766,3.257978723404255,29.159574468085108,105,0
8,71,8135.1,2.9954545454545456,20.306818181818183,120,0
8,72,9431.515243902439,3.682926829268293,40.74085365853659,88,0
8,73,9895.035143769968,3.7955271565495208,48.44408945686901,83,0
8,74,9306.56886227545,3.81437125748503,39.4940119760479,90,0
8,75,9324.139817629179,3.7203647416413372,39.22188449848024,92,0
8,76,8992.035398230088,3.7787610619469025,35.825958702064895,91,0
8,77,5720.380108991825,1.564032697547684,5.064032697547684,92,0
9,1,9081.795857988165,3.727810650887574,45.0,95,0
9,2,9298.648648648648,3.6876876876876876,45.672672672672675,94,11
9,3,9264.781341107871,3.7551020408163267,46.75801749271137,94,23
9,4,9252.840840840841,3.6726726726726726,46.28528528528528,89,16
9,5,9248.33734939759,3.7379518072289155,44.53915662650602,83,17
9,6,9248.718475073314,3.780058651026393,44.53372434017595,85,21
9,7,9215.58982035928,3.712574850299401,43.34131736526946,87,15
9,8,9351.600600600601,3.6966966966966965,47.129129129129126,86,4
9,9,9429.871951219513,3.8353658536585367,48.9359756097561,77,0
9,10,9259.47005988024,3.7065868263473054,45.65568862275449,86,0
9,11,9442.697604790419,3.730538922155689,48.58383233532934,86,0
9,12,9293.350453172205,3.785498489425982,46.755287009063444,92,0
9,13,9381.87915407855,3.712990936555891,48.764350453172206,82,0
9,14,9399.668674698794,3.7319277108433737,49.91566265060241,84,0
9,15,9323.702702702703,3.7267267267267266,49.67567567567568,83,0
9,16,8385.79512195122,3.0195121951219512,43.673170731707316,108,0
9,17,9568.75223880597,3.5313432835820895,51.146268656716416,80,0
9,18,9527.270186335403,3.8385093167701863,51.077639751552795,80,0
9,19,9522.795665634674,3.8142414860681115,51.343653250774,75,0
9,20,9465.514018691589,3.8068535825545173,49.90342679127726,76,0
9,21,9493.953846153847,3.7415384615384615,49.90769230769231,80,0
9,22,9540.0,3.768292682926829,50.923780487804876,80,0
9,23,9504.839506172839,3.756172839506173,50.0462962962963,84,0
9,24,9532.855384615385,3.796923076923077,51.40615384615385,81,0
9,25,9528.901538461538,3.732307692307692,49.286153846153844,89,0
9,26,9416.310030395136,3.7750759878419453,48.255319148936174,85,14
9,27,9386.586826347306,3.7365269461077846,46.83233532934132,87,22
9,28,9340.453731343283,3.680597014925373,45.277611940298506,88,18
9,29,9294.940119760478,3.697604790419162,45.703592814371255,87,18
9,30,9278.212574850299,3.6736526946107784,44.67964071856287,94,2
9,31,9378.11377245509,3.658682634730539,46.40419161676647,92,0
9,32,9290.166666666666,3.672727272727273,46.445454545454545,89,0
9,33,9327.507462686568,3.734328358208955,47.54626865671642,85,0
9,34,9271.689759036144,3.677710843373494,46.734939759036145,84,0
9,35,9238.979166666666,3.761904761904762,46.12202380952381,92,0
9,36,9277.583333333334,3.732142857142857,46.901785714285715,98,0
9,37,9269.28656716418,3.68955223880597,46.170149253731346,87,0
9,38,9248.955223880597,3.7492537313432837,46.54328358208955,86,0
9,39,9248.61377245509,3.7604790419161676,46.622754491017965,90,0
9,40,9259.791044776119,3.746268656716418,47.07761194029851,85,0
9,41,9260.122754491018,3.7574850299401197,47.044910179640716,87,0
9,42,9249.185074626866,3.7492537313432837,46.208955223880594,89,0
9,43,9210.317073170732,3.6859756097560976,45.22560975609756,92,0
9,44,9267.938416422287,3.7595307917888565,46.961876832844574,92,0
9,45,9319.149253731342,3.725373134328358,46.97014925373134,90,0
9,46,9352.649546827795,3.688821752265861,47.41087613293051,84,0
9,47,9325.270516717324,3.6930091185410334,47.81155015197568,83,0
9,48,9390.27027027027,3.744744744744745,48.066066066066064,87,0
9,49,9337.682926829268,3.725609756097561,47.40548780487805,85,0
9,50,9337.522658610273,3.7462235649546827,47.610271903323266,86,0
9,51,9380.984894259818,3.7401812688821754,47.64350453172205,85,0
9,52,9330.481927710844,3.7379518072289155,47.144578313253014,91,0
9,53,9397.009146341463,3.7286585365853657,48.859756097560975,84,0
9,54,9454.647416413374,3.7325227963525838,47.911854103343465,86,0
9,55,9425.204334365326,3.708978328173375,48.34674922600619,81,0
9,56,9442.180722891566,3.7560240963855422,49.31024096385542,82,0
9,57,9430.08,3.729230769230769,48.206153846153846,86,0
9,58,9465.993939393938,3.7696969696969695,49.2969696969697,82,0
9,59,9442.09968847352,3.6573208722741435,47.58255451713396,84,0
9,60,9524.896341463415,3.774390243902439,49.77743902439025,82,0
9,61,9496.6,3.76,48.52,86,0
9,62,9453.874233128834,3.7116564417177913,48.193251533742334,84,0
9,63,9412.969788519638,3.7401812688821754,48.809667673716014,87,0
9,64,9373.507692307692,3.6953846153846155,46.60307692307693,92,0
9,65,9405.335347432025,3.7462235649546827,48.48640483383686,82,0
9,66,9416.887195121952,3.75,47.978658536585364,90,0
9,67,9362.16717325228,3.6808510638297873,45.817629179331306,90,11
9,68,9409.471471471472,3.72972972972973,47.28528528528528,83,8
9,69,9443.875379939209,3.7416413373860182,47.43161094224924,86,0
9,70,9109.378698224851,3.606508875739645,43.55621301775148,94,0
9,71,8771.15456674473,2.702576112412178,35.25526932084309,111,0
9,72,8873.175066312997,3.0981432360742707,39.737400530503976,104,0
9,73,9462.700598802396,3.712574850299401,48.98203592814371,88,0
9,74,9462.39090909091,3.724242424242424,48.8,86,0
9,75,9509.975535168196,3.7522935779816513,49.47400611620795,87,0
9,76,9446.483180428135,3.7553516819571864,48.63302752293578,81,0
9,77,9328.184848484849,3.703030303030303,45.90909090909091,89,0
9,78,6104.418727915195,2.65017667844523,12.579505300353357,93,0
10,1,9531.494047619048,3.4136904761904763,46.101190476190474,99,0
10,2,9394.374251497005,3.592814371257485,47.08083832335329,93,16
10,3,9429.505952380952,3.5833333333333335,48.086309523809526,89,24
10,4,9437.838905775076,3.5896656534954405,47.723404255319146,85,22
10,5,9427.572727272727,3.6,46.83030303030303,92,19
10,6,9391.140718562874,3.6107784431137726,46.91916167664671,92,21
10,7,9378.386904761905,3.669642857142857,48.68452380952381,89,24
10,8,9411.663636363637,3.603030303030303,48.84848484848485,87,5
10,9,9493.006060606062,3.587878787878788,49.19090909090909,89,0
10,10,9549.771771771771,3.5165165165165164,47.453453453453456,91,0
10,11,9467.268882175227,3.6132930513595167,48.4441087613293,89,0
10,12,9508.462235649547,3.5498489425981874,48.6797583081571,89,0
10,13,9535.144144144144,3.5405405405405403,48.72372372372372,86,0
10,14,9450.216216216217,3.5795795795795797,46.78378378378378,91,0
10,15,9515.691394658754,3.4807121661721068,46.88724035608308,89,0
10,16,9444.138554216868,3.5602409638554215,47.3855421686747,88,0
10,17,9578.626139817628,3.525835866261398,48.577507598784194,86,0
10,18,9460.467065868263,3.62874251497006,48.84131736526946,86,0
10,19,9455.015243902439,3.5792682926829267,48.30487804878049,82,0
10,20,9429.014925373134,3.6328358208955223,49.50149253731343,91,0
10,21,9551.714285714286,3.6231003039513676,50.58358662613982,82,0
10,22,9551.021406727828,3.620795107033639,50.5565749235474,78,0
10,23,9566.787878787878,3.6333333333333333,51.50606060606061,81,0
10,24,9646.270769230769,3.5538461538461537,50.003076923076925,80,0
10,25,9556.130303030302,3.6575757575757577,51.29090909090909,82,0
10,26,9518.352583586626,3.60790273556231,49.41641337386018,79,0
10,27,9563.349544072948,3.6595744680851063,50.41337386018237,88,0
10,28,9531.91076923077,3.624615384615385,50.38461538461539,77,0
10,29,9522.400611620795,3.6574923547400613,49.97553516819572,78,0
10,30,9559.568389057751,3.6382978723404253,51.05775075987842,80,0
10,31,9510.877300613496,3.5950920245398774,49.1840490797546,81,0
10,32,9530.760736196318,3.625766871165644,50.42638036809816,84,0
10,33,9525.430303030304,3.624242424242424,50.16969696969697,80,0
10,34,9579.472727272727,3.587878787878788,50.06969696969697,86,0
10,35,9441.860606060605,3.606060606060606,49.5,87,0
10,36,8847.410447761195,2.890547263681592,48.6044776119403,109,0
10,37,9854.641176470588,3.2176470588235295,50.36176470588235,97,0
10,38,9703.883435582822,3.4907975460122698,48.50920245398773,92,0
10,39,9577.748466257668,3.604294478527607,49.122699386503065,90,0
10,40,9484.366666666667,3.5454545454545454,47.26969696969697,93,16
10,41,9497.103030303031,3.5727272727272728,47.345454545454544,99,20
10,42,9493.981762917932,3.486322188449848,46.151975683890576,94,4
10,43,9551.09009009009,3.630630630630631,48.15915915915916,90,0
10,44,9531.360606060605,3.587878787878788,48.333333333333336,91,0
10,45,9482.941896024466,3.5902140672782874,47.81039755351682,92,0
10,46,9463.648484848485,3.587878787878788,47.68484848484849,92,0
10,47,9749.033536585366,3.6402439024390243,51.521341463414636,90,0
10,48,9598.782874617737,3.6269113149847096,50.82262996941896,88,0
10,49,9463.583333333334,3.5308641975308643,47.73456790123457,87,13
10,50,9336.71511627907,3.5232558139534884,44.85174418604651,102,25
10,51,9473.262048192772,3.536144578313253,47.07831325301205,94,6
10,52,9601.41875,3.590625,50.05,84,0
10,53,9612.521341463415,3.6219512195121952,49.56707317073171,86,0
10,54,9644.631578947368,3.6191950464396285,50.14551083591331,82,0
10,55,9665.814814814816,3.654320987654321,51.69753086419753,81,0
10,56,9624.417445482866,3.6573208722741435,50.2803738317757,79,0
10,57,9654.490797546012,3.628834355828221,50.5920245398773,82,0
10,58,9624.2049689441,3.642857142857143,49.857142857142854,85,0
10,59,9587.375,3.63125,49.625,82,0
10,60,9693.36923076923,3.5938461538461537,50.972307692307695,82,0
10,61,9721.47076923077,3.609230769230769,51.55384615384615,80,0
10,62,9646.009287925697,3.5975232198142413,49.591331269349844,83,0
10,63,9674.36,3.6553846153846155,50.676923076923075,80,0
10,64,9644.080996884735,3.6137071651090342,49.96261682242991,84,0
10,65,9630.538699690402,3.6470588235294117,51.294117647058826,78,0
10,66,9637.22049689441,3.62111801242236,51.07142857142857,82,0
10,67,9657.450310559007,3.6024844720496896,50.27329192546584,82,0
10,68,9661.148936170213,3.6565349544072947,50.91489361702128,80,0
10,69,9639.253125,3.609375,49.34375,80,0
10,70,9572.446483180429,3.6269113149847096,50.92354740061162,82,0
10,71,8591.345013477088,3.3045822102425877,37.698113207547166,76,0
10,72,9132.618055555555,2.548611111111111,34.398148148148145,114,0
10,73,9637.969696969696,3.418181818181818,45.518181818181816,102,0
10,74,9685.121212121212,3.536363636363636,47.68787878787879,90,0
10,75,9528.26586102719,3.583081570996979,47.14501510574018,89,0
10,76,9544.935582822085,3.576687116564417,48.24233128834356,92,16
10,77,9606.969788519638,3.471299093655589,46.725075528700906,95,18
10,78,5964.596306068602,1.4076517150395778,13.62664907651715,102,3
11,1,9407.550295857987,3.535502958579882,43.33431952662722,99,0
11,2,9441.344410876132,3.5558912386706947,43.8821752265861,99,0
11,3,9189.547619047618,3.824404761904762,44.75595238095238,99,0
11,4,9303.926153846154,3.6923076923076925,42.81846153846154,101,0
11,5,9383.98820058997,3.713864306784661,45.06194690265487,100,0
11,6,9330.593939393939,3.639393939393939,43.03939393939394,99,0
11,7,9310.346268656716,3.728358208955224,45.03283582089552,98,0
11,8,9304.595744680852,3.729483282674772,45.39817629179331,99,0
11,9,9471.993957703928,3.700906344410876,46.492447129909365,96,0
11,10,9410.466666666667,3.6545454545454548,45.85151515151515,94,0
11,11,9426.89090909091,3.6636363636363636,45.945454545454545,92,0
11,12,9429.767857142857,3.6636904761904763,45.86904761904762,95,0
11,13,9324.512195121952,3.6280487804878048,44.548780487804876,95,0
11,14,9344.931952662722,3.6568047337278107,44.710059171597635,104,17
11,15,9172.112759643916,3.6973293768545994,43.896142433234424,97,4
11,16,9518.701219512195,3.6158536585365852,48.5640243902439,90,0
11,17,9571.276923076923,3.6338461538461537,48.45230769230769,90,0
11,18,9603.422619047618,3.5714285714285716,48.410714285714285,91,0
11,19,9623.984848484848,3.515151515151515,48.124242424242425,94,0
11,20,8935.796208530806,2.881516587677725,50.88151658767772,134,0
11,21,9559.28698224852,3.3254437869822486,44.124260355029584,107,0
11,22,9464.764350453172,3.6646525679758306,46.413897280966765,103,0
11,23,9537.425,3.653125,47.009375,97,0
11,24,9511.86809815951,3.736196319018405,47.37116564417178,96,0
11,25,9416.269113149847,3.7400611620795106,46.37308868501529,104,0
11,26,9520.590214067279,3.6636085626911314,45.642201834862384,100,0
11,27,9438.09696969697,3.693939393939394,45.481818181818184,104,0
11,28,9454.972727272727,3.5939393939393938,44.945454545454545,108,14
11,29,9334.464071856288,3.6467065868263475,43.08982035928144,115,19
11,30,9333.080838323353,3.658682634730539,43.32035928143713,112,21
11,31,9391.173652694612,3.6377245508982035,43.26347305389221,120,19
11,32,9348.948484848484,3.5757575757575757,42.660606060606064,113,15
11,33,9493.853731343284,3.5880597014925373,44.71044776119403,112,23
11,34,9380.414201183432,3.600591715976331,44.18934911242604,111,24
11,35,9222.696696696697,3.6966966966966965,43.627627627627625,108,19
11,36,9440.24924924925,3.5435435435435436,42.7987987987988,126,18
11,37,9227.722713864307,3.7227138643067845,43.27138643067847,116,23
11,38,9328.684523809523,3.5863095238095237,41.419642857142854,121,19
11,39,9171.537537537537,3.720720720720721,41.64264264264264,118,3
11,40,9471.37125748503,3.6017964071856285,44.26047904191617,112,17
11,41,9217.969788519638,3.688821752265861,42.21148036253776,120,16
11,42,9512.068656716418,3.5850746268656715,44.16119402985075,115,22
11,43,9419.973053892216,3.5449101796407185,42.47904191616767,119,17
11,44,9454.67256637168,3.5988200589970503,43.640117994100294,118,23
11,45,9312.782738095239,3.5982142857142856,42.538690476190474,113,2
11,46,9454.475757575758,3.5939393939393938,44.03939393939394,110,0
11,47,9442.188059701493,3.6029850746268655,44.701492537313435,106,0
11,48,9493.584097859328,3.562691131498471,44.65137614678899,109,0
11,49,9481.775449101797,3.6377245508982035,45.31437125748503,109,0
11,50,9667.55076923077,3.4892307692307694,45.16615384615385,107,13
11,51,9523.882175226587,3.5740181268882174,44.69184290030211,109,7
11,52,9498.259818731118,3.5861027190332324,44.28700906344411,107,0
11,53,9614.624624624625,3.5765765765765765,46.111111111111114,106,0
11,54,9590.30153846154,3.556923076923077,45.581538461538464,103,14
11,55,9582.659574468085,3.5501519756838906,45.224924012158056,108,6
11,56,9606.395705521472,3.53680981595092,45.45092024539877,109,0
11,57,9637.936363636363,3.6121212121212123,46.57575757575758,106,0
11,58,9682.386292834892,3.5171339563862927,45.15576323987539,105,0
11,59,9457.178787878787,3.7181818181818183,46.193939393939395,103,0
11,60,9601.229102167183,3.5913312693498454,46.68111455108359,106,0
11,61,9611.91717791411,3.6196319018404908,47.08282208588957,105,15
11,62,9643.610429447852,3.588957055214724,46.558282208588956,107,21
11,63,9579.663636363637,3.6121212121212123,46.0030303030303,113,24
11,64,9562.871165644172,3.5337423312883436,44.193251533742334,108,19
11,65,9654.477341389727,3.56797583081571,44.670694864048336,110,22
11,66,9551.37614678899,3.5932721712538225,44.97553516819572,107,20
11,67,9427.607250755287,3.6465256797583083,43.9607250755287,111,20
11,68,9464.37048192771,3.6144578313253013,44.12048192771084,113,21
11,69,9623.583333333334,3.574074074074074,44.31481481481482,112,17
11,70,9338.152046783625,3.5,41.292397660818715,121,23
11,71,8488.850117096019,2.737704918032787,29.847775175644028,131,5
11,72,9241.191601049868,3.036745406824147,39.36745406824147,143,17
11,73,9487.09090909091,3.6151515151515152,44.95151515151515,106,21
11,74,9575.33836858006,3.583081570996979,46.166163141993955,109,22
11,75,9573.894409937888,3.590062111801242,45.798136645962735,104,17
11,76,9693.422960725076,3.5861027190332324,46.92749244712991,101,17
11,77,9549.4754601227,3.5306748466257667,45.02453987730061,107,18
11,78,6691.959363957597,2.254416961130742,10.662544169611307,94,1
14,1,9193.020958083833,3.940119760479042,44.97005988023952,96,0
14,2,9052.749253731343,4.026865671641791,45.080597014925374,96,0
14,3,9152.686746987953,3.9849397590361444,45.58734939759036,94,0
14,4,9289.796352583586,3.9483282674772036,46.32522796352583,98,0
14,5,9301.633333333333,3.9545454545454546,47.21515151515152,92,0
14,6,9337.144578313253,3.9698795180722892,47.32831325301205,97,0
14,7,9270.104790419162,3.946107784431138,47.3502994011976,96,0
14,8,9316.694189602447,3.944954128440367,47.837920489296636,91,0
14,9,9357.072948328267,3.9483282674772036,47.93920972644377,91,0
14,10,9363.550151975684,3.9604863221884496,47.63525835866261,93,0
14,11,9268.918181818182,3.981818181818182,47.86969696969697,92,0
14,12,9251.075528700907,3.984894259818731,47.65256797583081,98,0
14,13,9265.009118541033,3.9574468085106385,46.90273556231003,95,0
14,14,9254.9726443769,3.9817629179331306,47.70820668693009,93,0
14,15,9213.506060606062,4.03030303030303,47.518181818181816,100,0
14,16,9270.794561933535,3.945619335347432,47.29305135951662,96,0
14,17,9310.616766467067,3.967065868263473,48.73353293413174,97,0
14,18,8574.181141439207,3.1687344913151363,47.575682382134,125,0
14,19,9274.46511627907,3.686046511627907,46.125,98,0
14,20,9154.454545454546,3.984848484848485,45.07575757575758,96,0
14,21,9353.51376146789,4.085626911314985,50.45871559633027,92,0
14,22,9425.596273291925,3.9937888198757765,49.45652173913044,98,0
14,23,9216.135951661632,3.9667673716012084,44.595166163142,99,0
14,24,9242.263636363636,3.9606060606060605,44.93333333333333,96,0
14,25,9325.550898203594,3.877245508982036,43.83532934131737,100,0
14,26,9282.09552238806,3.961194029850746,44.811940298507466,100,0
14,27,9190.161094224924,3.930091185410334,44.37082066869301,98,0
14,28,9400.189759036144,3.9126506024096384,45.53313253012048,97,0
14,29,9320.510574018126,3.9425981873111784,46.22356495468278,101,0
14,30,9458.024390243903,3.899390243902439,46.728658536585364,101,0
14,31,9410.449848024316,3.905775075987842,44.790273556231,101,0
14,32,9230.006060606062,4.003030303030303,45.99393939393939,98,0
14,33,9341.515243902439,3.975609756097561,47.13719512195122,95,0
14,34,9306.552147239263,3.9754601226993866,46.98159509202454,98,0
14,35,9279.592024539877,3.9478527607361964,45.05521472392638,101,0
14,36,9284.790909090909,3.981818181818182,46.7030303030303,99,0
14,37,9289.250746268657,3.8985074626865672,43.62985074626866,102,0
14,38,9162.839879154079,4.042296072507553,45.818731117824775,97,0
14,39,9278.320241691843,3.894259818731118,45.066465256797585,97,0
14,40,9305.06886227545,3.9550898203592815,45.808383233532936,96,0
14,41,9310.873846153847,3.9846153846153847,47.48,97,0
14,42,9283.882530120482,4.018072289156627,47.35843373493976,99,0
14,43,9319.212307692307,3.9907692307692306,47.932307692307695,92,0
14,44,9342.453172205438,3.9395770392749245,46.63444108761329,99,0
14,45,9310.560371517027,3.975232198142415,48.470588235294116,94,0
14,46,9446.240121580548,3.9361702127659575,47.36474164133739,97,0
14,47,9430.177177177176,3.8828828828828827,46.174174174174176,96,0
14,48,9396.990853658537,3.8780487804878048,45.72256097560975,101,0
14,49,9420.676470588236,3.773529411764706,43.96470588235294,109,0
14,50,9287.200589970502,3.831858407079646,47.45132743362832,109,0
14,51,9159.59420289855,3.8927536231884057,44.68985507246377,99,0
14,52,31.891302022039156,0.0031025997646303627,92.55269070289933,8351,0
16,1,9257.625748502995,3.6347305389221556,46.50898203592814,103,0
16,2,9242.458333333334,3.7232142857142856,47.044642857142854,107,14
16,3,9179.99705882353,3.7323529411764707,46.79117647058823,107,5
16,4,9321.326347305388,3.7275449101796405,46.17664670658683,109,0
16,5,9270.718562874252,3.7634730538922154,46.74850299401198,107,0
16,6,9150.58982035928,3.7215568862275448,44.44311377245509,106,15
16,7,9356.245454545455,3.7818181818181817,49.50909090909091,102,3
16,8,9339.288343558283,3.7791411042944785,48.41104294478528,106,13
16,9,9314.662686567164,3.791044776119403,48.516417910447764,107,23
16,10,9183.085798816568,3.6508875739644973,46.071005917159766,109,2
16,11,9345.093655589124,3.743202416918429,49.220543806646525,98,0
16,12,9338.581818181818,3.712121212121212,49.163636363636364,99,0
16,13,8449.041666666666,3.002450980392157,45.463235294117645,123,0
16,14,9449.15976331361,3.5088757396449703,50.0207100591716,102,0
16,15,9434.767295597485,3.70125786163522,50.113207547169814,96,0
16,16,9488.868902439024,3.774390243902439,50.96036585365854,98,0
16,17,9472.073170731708,3.7469512195121952,49.63719512195122,100,0
16,18,9447.819277108434,3.7379518072289155,49.463855421686745,98,17
16,19,9371.051515151516,3.696969696969697,48.303030303030305,99,4
16,20,9438.787234042553,3.717325227963526,49.90881458966565,97,0
16,21,9468.17901234568,3.734567901234568,50.52777777777778,98,0
16,22,9468.231003039513,3.756838905775076,49.525835866261396,99,0
16,23,9454.107033639144,3.7370030581039755,49.63914373088685,99,18
16,24,9418.709480122325,3.7186544342507646,48.60550458715596,99,2
16,25,9428.776073619632,3.684049079754601,49.12883435582822,102,0
16,26,9350.045180722891,3.6927710843373496,47.93072289156626,104,15
16,27,9314.745508982036,3.7395209580838324,46.221556886227546,104,21
16,28,9291.537764350453,3.6465256797583083,46.17220543806646,109,3
16,29,9334.721556886228,3.6766467065868262,46.808383233532936,108,0
16,30,9362.837837837838,3.6996996996997,47.732732732732735,104,0
16,31,9274.350299401198,3.691616766467066,46.91916167664671,101,17
16,32,9273.913173652694,3.679640718562874,46.60778443113772,110,4
16,33,9278.262048192772,3.683734939759036,47.76807228915663,102,13
16,34,9271.597058823529,3.723529411764706,47.63235294117647,102,24
16,35,9298.530120481928,3.6506024096385543,46.653614457831324,104,2
16,36,9340.693452380952,3.6726190476190474,47.955357142857146,102,18
16,37,9275.00895522388,3.665671641791045,46.6,98,19
16,38,9242.644578313253,3.6566265060240966,46.40963855421687,102,18
16,39,9296.827380952382,3.693452380952381,46.80952380952381,105,23
16,40,9265.755223880597,3.716417910447761,47.68358208955224,102,21
16,41,9276.332335329342,3.7095808383233533,47.78443113772455,96,3
16,42,9281.048192771084,3.6536144578313254,47.24096385542169,104,0
16,43,9289.440476190477,3.7023809523809526,48.48511904761905,96,0
16,44,9266.25,3.658536585365854,46.6280487804878,103,0
16,45,9340.89880952381,3.744047619047619,48.526785714285715,104,13
16,46,9351.81791044776,3.7313432835820897,48.713432835820896,101,6
16,47,9379.051359516616,3.6706948640483383,47.81570996978852,97,16
16,48,9324.100303951367,3.6990881458966567,48.142857142857146,98,5
16,49,9364.301492537314,3.743283582089552,49.41492537313433,95,0
16,50,9320.536363636364,3.709090909090909,48.339393939393936,103,17
16,51,9370.32326283988,3.676737160120846,47.725075528700906,101,2
16,52,9337.269938650306,3.665644171779141,47.82208588957055,98,0
16,53,9408.318181818182,3.7545454545454544,49.333333333333336,102,0
16,54,9415.145896656535,3.7416413373860182,49.99088145896656,96,0
16,55,9462.122324159021,3.7370030581039755,49.72477064220183,98,0
16,56,9447.159021406727,3.7003058103975537,48.92660550458716,95,15
16,57,9365.490797546012,3.7024539877300615,48.49693251533742,93,17
16,58,9427.457575757575,3.7818181818181817,49.406060606060606,94,6
16,59,9435.578461538462,3.729230769230769,49.956923076923076,100,0
16,60,9485.236923076924,3.7384615384615385,49.37230769230769,99,0
16,61,9405.671826625387,3.696594427244582,48.65015479876161,93,14
16,62,9392.927710843374,3.7319277108433737,49.33433734939759,102,19
16,63,9339.141104294478,3.6564417177914113,47.033742331288344,97,16
16,64,9427.124620060791,3.729483282674772,48.41337386018237,93,22
16,65,9416.579754601227,3.6993865030674846,48.48159509202454,102,18
16,66,9394.635542168675,3.7379518072289155,48.725903614457835,97,20
16,67,9380.005988023951,3.679640718562874,46.541916167664674,105,4
16,68,9462.990881458967,3.683890577507599,47.1063829787234,108,0
16,69,9418.073846153846,3.6984615384615385,47.41230769230769,101,0
16,70,612.8775267538645,3.050832342449465,94.93608799048752,3064,0
18,1,9241.559171597633,3.529585798816568,42.93491124260355,115,0
18,2,9271.159159159159,3.5705705705705704,44.63963963963964,107,13
18,3,9211.621301775149,3.600591715976331,44.662721893491124,109,20
18,4,9301.967065868263,3.62874251497006,45.865269461077844,111,22
18,5,9284.065868263473,3.5988023952095807,45.66167664670659,107,21
18,6,9091.378698224851,3.5976331360946747,42.162721893491124,117,18
18,7,9099.238938053097,3.669616519174041,43.15339233038348,108,4
18,8,6911.359349593496,1.967479674796748,18.9869918699187,137,0
18,9,8721.858942065492,2.9924433249370277,33.886649874055415,156,0
18,10,8825.42,3.537142857142857,41.13428571428572,127,0
18,11,9045.835329341317,3.7634730538922154,44.08383233532934,101,0
18,12,9073.915151515152,3.690909090909091,42.34848484848485,102,0
18,13,9175.367346938776,3.568513119533528,43.38483965014577,135,16
18,14,9353.040625,3.715625,48.678125,102,5
18,15,9340.525679758308,3.7643504531722054,48.85196374622357,101,0
18,16,9262.597014925374,3.644776119402985,45.54328358208955,98,16
18,17,9015.73900293255,3.4780058651026393,41.73020527859237,120,5
18,18,9269.72972972973,3.7267267267267266,47.21621621621622,107,17
18,19,9095.443113772455,3.712574850299401,44.293413173652695,109,4
18,20,9356.493827160493,3.712962962962963,48.608024691358025,99,0
18,21,9359.355623100304,3.711246200607903,49.109422492401215,95,0
18,22,9090.28901734104,3.447976878612717,40.274566473988436,113,0
18,23,9234.946107784432,3.586826347305389,43.16167664670659,110,0
18,24,9329.407185628743,3.7215568862275448,47.7185628742515,99,0
18,25,9221.079510703365,3.7737003058103977,46.77064220183486,100,0
18,26,9199.857142857143,3.689969604863222,46.79939209726444,101,0
18,27,9002.273529411765,3.5911764705882354,42.917647058823526,108,12
18,28,8877.317002881844,3.628242074927954,41.22478386167147,113,6
18,29,9195.679758308157,3.6465256797583083,46.46223564954683,95,0
18,30,9230.993957703928,3.6132930513595167,46.37160120845922,107,0
18,31,9272.475757575758,3.603030303030303,46.53939393939394,107,0
18,32,9214.144117647058,3.6735294117647057,47.29117647058823,104,0
18,33,7655.758620689655,2.440162271805274,32.60040567951319,127,0
18,34,9026.556179775282,3.297752808988764,41.59550561797753,116,0
18,35,9531.61320754717,3.8238993710691824,52.55974842767296,90,0
18,36,9481.182108626199,3.830670926517572,52.79552715654952,88,0
18,37,9427.420062695925,3.8150470219435735,50.26959247648903,93,0
18,38,9362.574132492113,3.832807570977918,50.277602523659304,90,0
18,39,9284.884848484848,3.8333333333333335,49.56363636363636,94,0
18,40,9112.80421686747,3.6927710843373496,45.01204819277108,104,15
18,41,9148.023952095808,3.661676646706587,43.9940119760479,112,18
18,42,9282.665671641791,3.7492537313432837,47.86268656716418,96,9
18,43,9135.79393939394,3.66969696969697,44.74848484848485,94,0
18,44,9197.41791044776,3.7134328358208957,46.223880597014926,103,0
18,45,9167.223214285714,3.7470238095238093,46.967261904761905,99,0
18,46,9151.330275229358,3.675840978593272,46.07645259938838,99,0
18,47,9270.66066066066,3.7477477477477477,47.4054054054054,94,0
18,48,9127.857575757576,3.7363636363636363,46.124242424242425,101,0
18,49,9188.749244712992,3.7492447129909365,46.755287009063444,100,0
18,50,9250.011940298507,3.719402985074627,47.25373134328358,96,0
18,51,9050.266666666666,3.6787878787878787,43.587878787878786,101,0
18,52,9311.486486486487,3.684684684684685,47.888888888888886,100,0
18,53,9337.22188449848,3.5775075987841944,47.12765957446808,99,0
18,54,9272.726726726727,3.6966966966966965,46.996996996997,102,0
18,55,9304.954682779457,3.6012084592145017,46.126888217522655,96,0
18,56,9306.209580838324,3.6467065868263475,46.604790419161674,100,0
18,57,9333.006097560976,3.6158536585365852,46.48780487804878,94,0
18,58,8530.344578313254,2.8987951807228916,45.83614457831325,115,0
18,59,9449.73413897281,3.489425981873112,49.54380664652568,94,0
18,60,9599.838095238096,3.8095238095238093,52.733333333333334,88,0
18,61,9493.945512820514,3.7884615384615383,50.66025641025641,85,0
18,62,9499.649681528663,3.8503184713375798,51.87261146496815,88,0
18,63,9491.74213836478,3.830188679245283,51.795597484276726,87,0
18,64,9446.572327044025,3.808176100628931,50.562893081761004,90,0
18,65,9378.433436532508,3.823529411764706,48.746130030959755,94,0
18,66,9387.024767801857,3.777089783281734,49.87925696594427,89,0
18,67,9344.401869158879,3.735202492211838,47.741433021806856,93,0
18,68,9334.898461538462,3.726153846153846,47.26769230769231,90,0
18,69,8805.929133858268,3.1916010498687664,36.76115485564304,116,0
18,70,8631.706818181818,2.65,32.513636363636365,129,0
18,71,9399.350769230768,3.6615384615384614,47.378461538461536,100,0
18,72,9340.742236024846,3.739130434782609,48.11801242236025,93,0
18,73,9403.058823529413,3.7554179566563466,48.53250773993808,100,0
18,74,9341.65644171779,3.708588957055215,47.58282208588957,100,0
18,75,9228.536873156343,3.6519174041297937,42.575221238938056,114,0
18,76,5782.962552011096,1.5575589459084604,6.282940360610263,118,0
20,1,9182.792899408283,3.6094674556213016,40.85207100591716,108,0
20,2,9292.346268656716,3.7223880597014927,40.83582089552239,97,13
20,3,9159.376854599406,3.712166172106825,39.25816023738872,91,17
20,4,9154.86943620178,3.7893175074183976,38.07715133531157,89,21
20,5,9142.43373493976,3.7921686746987953,37.69277108433735,85,1
20,6,9227.20771513353,3.807121661721068,39.845697329376854,90,14
20,7,9152.943113772455,3.68562874251497,37.16167664670659,96,13
20,8,9087.472140762464,3.80058651026393,40.988269794721404,109,4
20,9,9254.359756097561,3.8841463414634148,42.31707317073171,84,0
20,10,9220.668656716418,3.791044776119403,40.853731343283584,91,17
20,11,9213.051515151516,3.806060606060606,40.71212121212121,87,1
20,12,9191.59090909091,3.809090909090909,41.35454545454545,86,0
20,13,9259.446808510638,3.7993920972644375,41.40729483282675,86,0
20,14,9195.329341317365,3.841317365269461,40.862275449101794,87,0
20,15,9146.117469879518,3.8072289156626504,40.3433734939759,94,0
20,16,8509.416873449132,3.064516129032258,39.47146401985112,109,0
20,17,9221.620689655172,3.545977011494253,41.9683908045977,100,0
20,18,9308.67601246106,3.8473520249221185,43.04984423676012,91,0
20,19,9381.018292682927,3.856707317073171,44.7469512195122,88,0
20,20,9357.14375,3.8375,43.096875,84,0
20,21,9344.433846153846,3.883076923076923,43.18769230769231,88,0
20,22,9291.704268292682,3.8201219512195124,41.00609756097561,86,0
20,23,9300.148936170213,3.8419452887537995,41.90273556231003,92,14
20,24,9295.165644171779,3.855828220858896,43.04294478527607,89,5
20,25,9327.53680981595,3.8895705521472395,44.41104294478528,87,0
20,26,9357.715170278638,3.848297213622291,42.925696594427244,87,0
20,27,9295.58282208589,3.812883435582822,42.392638036809814,92,0
20,28,9287.603030303031,3.775757575757576,41.872727272727275,94,14
20,29,9243.170149253732,3.7970149253731345,40.79402985074627,101,20
20,30,9115.174174174173,3.7717717717717716,37.61561561561562,90,3
20,31,9282.937125748504,3.817365269461078,40.77245508982036,93,12
20,32,9241.002985074627,3.7134328358208957,39.59402985074627,95,19
20,33,9216.505988023951,3.7754491017964074,40.209580838323355,90,17
20,34,9120.151515151516,3.727272727272727,38.806060606060605,95,14
20,35,9106.410029498526,3.814159292035398,40.13569321533923,88,7
20,36,9088.752976190477,3.7857142857142856,40.43452380952381,91,0
20,37,9050.676646706586,3.7934131736526946,39.17964071856287,89,0
20,38,9139.491124260356,3.7958579881656807,40.28402366863905,94,0
20,39,9152.602985074627,3.8238805970149254,41.34626865671642,95,0
20,40,9144.833836858006,3.794561933534743,41.0,94,0
20,41,9214.038922155689,3.7904191616766467,42.368263473053894,97,0
20,42,9194.731117824773,3.7250755287009065,41.637462235649544,95,0
20,43,9182.477611940298,3.8029850746268656,42.57313432835821,92,12
20,44,9035.55325443787,3.8224852071005917,41.22189349112426,88,5
20,45,9055.557522123894,3.825958702064897,40.73156342182891,96,0
20,46,9108.222891566265,3.852409638554217,41.94879518072289,98,0
20,47,9162.561933534744,3.8338368580060425,43.972809667673715,99,0
20,48,9173.912386706948,3.8459214501510575,45.9214501510574,96,0
20,49,9182.060790273556,3.860182370820669,45.17325227963526,98,0
20,50,9154.039393939394,3.806060606060606,44.39090909090909,96,0
20,51,9288.728358208955,3.7611940298507465,44.6179104477612,96,0
20,52,9134.28484848485,3.775757575757576,43.157575757575756,100,0
20,53,9173.077844311378,3.8532934131736525,45.26646706586826,95,0
20,54,9192.658461538462,3.812307692307692,44.89230769230769,93,0
20,55,9288.765243902439,3.8048780487804876,45.16463414634146,95,0
20,56,9269.798165137614,3.8226299694189603,46.07645259938838,96,0
20,57,9260.913846153846,3.8276923076923075,46.41538461538462,93,0
20,58,9184.839393939394,3.8666666666666667,46.13333333333333,95,0
20,59,9228.32,3.84,45.69230769230769,93,0
20,60,9268.87962962963,3.8580246913580245,45.69135802469136,91,0
20,61,9259.91975308642,3.8395061728395063,46.29012345679013,94,0
20,62,9265.807926829268,3.856707317073171,46.609756097560975,94,0
20,63,9267.914110429449,3.815950920245399,45.558282208588956,90,0
20,64,9222.996960486322,3.857142857142857,46.03343465045592,93,0
20,65,9170.030959752323,3.7956656346749225,43.693498452012385,92,0
20,66,9243.715568862275,3.8832335329341316,46.221556886227546,91,0
20,67,9117.48948948949,3.81981981981982,44.0,100,0
20,68,9179.672782874617,3.776758409785933,43.37614678899082,96,0
20,69,9191.212765957447,3.835866261398176,44.10334346504559,95,0
20,70,8970.102102102102,3.78978978978979,42.312312312312315,99,0
20,71,7883.166276346604,2.936768149882904,26.94613583138173,115,0
20,72,8613.815584415584,3.4,35.823376623376625,108,0
20,73,9148.830303030303,3.875757575757576,44.336363636363636,100,0
20,74,9105.033132530121,3.7981927710843375,43.18975903614458,101,0
20,75,9191.176291793314,3.8541033434650456,44.54103343465046,97,0
20,76,9163.30487804878,3.774390243902439,43.03353658536585,97,0
20,77,9166.781437125748,3.820359281437126,43.278443113772454,97,0
20,78,5939.966972477064,2.946788990825688,7.708256880733945,28,0
27,1,9241.16369047619,3.363095238095238,40.93154761904762,108,0
27,2,9140.334319526628,3.57396449704142,42.31656804733728,110,16
27,3,9104.569277108434,3.5301204819277108,41.03012048192771,102,15
27,4,9164.37125748503,3.55688622754491,43.3502994011976,97,22
27,5,9152.312312312311,3.6066066066066065,42.693693693693696,103,19
27,6,9121.619760479041,3.553892215568862,41.50299401197605,106,2
27,7,9103.085365853658,3.548780487804878,41.74085365853659,104,0
27,8,9140.98502994012,3.559880239520958,43.1437125748503,102,0
27,9,9198.60606060606,3.581818181818182,44.472727272727276,98,12
27,10,9235.446107784432,3.470059880239521,42.553892215568865,107,6
27,11,9209.829341317365,3.6107784431137726,43.74550898203593,97,0
27,12,9180.73413897281,3.595166163141994,44.586102719033235,102,0
27,13,9107.872340425532,3.5623100303951367,44.05471124620061,97,0
27,14,9136.936170212766,3.5319148936170213,43.161094224924014,102,0
27,15,9061.356083086053,3.593471810089021,43.61721068249258,100,11
27,16,9176.270833333334,3.5386904761904763,43.604166666666664,106,7
27,17,9175.89090909091,3.5575757575757576,45.72121212121212,96,0
27,18,9163.134328358208,3.5671641791044775,46.9134328358209,101,0
27,19,9234.805970149253,3.5313432835820895,46.713432835820896,94,0
27,20,9202.546827794562,3.501510574018127,46.438066465256796,100,0
27,21,9157.647590361446,3.5451807228915664,47.5722891566265,99,0
27,22,9137.424698795181,3.5451807228915664,46.31927710843374,93,0
27,23,9140.889221556887,3.592814371257485,48.14071856287425,92,0
27,24,9134.577844311378,3.6077844311377247,47.724550898203596,85,0
27,25,9044.696319018405,3.53680981595092,46.24539877300614,89,0
27,26,9128.109144542774,3.6430678466076696,47.50737463126843,94,0
27,27,9135.66360856269,3.5779816513761467,47.20795107033639,86,0
27,28,9143.424332344213,3.658753709198813,48.798219584569736,80,0
27,29,9136.909365558913,3.622356495468278,48.30211480362538,86,0
27,30,9180.560975609756,3.6615853658536586,48.55487804878049,87,0
27,31,9186.818181818182,3.6636363636363636,49.64848484848485,85,0
27,32,9185.559633027522,3.6452599388379205,48.99694189602447,83,0
27,33,9182.116564417178,3.6533742331288344,48.39877300613497,86,0
27,34,9169.936363636363,3.6515151515151514,48.875757575757575,85,0
27,35,9211.515337423312,3.6196319018404908,48.57361963190184,85,0
27,36,9189.133333333333,3.6575757575757577,48.97878787878788,81,0
27,37,9196.667682926829,3.6341463414634148,48.176829268292686,91,0
27,38,9182.50909090909,3.6575757575757577,48.91818181818182,87,0
27,39,9160.595166163142,3.6435045317220545,48.29305135951662,85,0
27,40,9153.088957055215,3.6134969325153374,48.04294478527607,82,0
27,41,9178.0,3.6769230769230767,49.27076923076923,81,0
27,42,9170.186186186185,3.645645645645646,47.74174174174174,83,0
27,43,9151.515243902439,3.6463414634146343,48.00914634146341,82,0
27,44,9172.030487804877,3.6554878048780486,48.829268292682926,89,0
27,45,9157.748466257668,3.647239263803681,48.19938650306749,79,0
27,46,9143.612121212122,3.6424242424242426,47.70909090909091,89,0
27,47,9086.37951807229,3.6325301204819276,47.19277108433735,90,0
27,48,9117.368580060423,3.610271903323263,47.012084592145015,90,0
27,49,8465.260442260442,2.958230958230958,49.62407862407862,122,0
27,50,9349.105421686747,3.4066265060240966,48.55421686746988,96,0
27,51,9304.153605015674,3.695924764890282,47.658307210031346,95,0
27,52,9218.107692307693,3.6338461538461537,45.68615384615384,97,0
27,53,9109.245508982036,3.592814371257485,44.52694610778443,101,15
27,54,9317.1261829653,3.687697160883281,49.564668769716086,89,4
27,55,9317.444444444445,3.723809523809524,49.79047619047619,86,0
27,56,9371.0375,3.703125,50.4125,87,0
27,57,9381.408227848102,3.6835443037974684,49.40822784810127,89,0
27,58,9318.582554517134,3.716510903426791,48.70404984423676,87,0
27,59,9297.435331230285,3.719242902208202,48.90851735015773,90,0
27,60,9290.346875,3.659375,46.93125,96,13
27,61,9285.058461538461,3.670769230769231,46.07076923076923,98,21
27,62,9260.501547987617,3.6656346749226008,45.6594427244582,96,20
27,63,9274.129230769231,3.6769230769230767,46.40615384615385,94,22
27,64,9263.291021671826,3.6625386996904026,46.845201238390096,97,20
27,65,9296.101538461538,3.646153846153846,47.864615384615384,93,20
27,66,9173.636645962733,3.6832298136645965,47.232919254658384,91,19
27,67,9200.216718266254,3.718266253869969,48.11764705882353,86,21
27,68,9229.975308641975,3.682098765432099,48.129629629629626,92,20
27,69,9218.732307692308,3.68,47.744615384615386,98,22
27,70,9199.378881987577,3.6677018633540373,46.93167701863354,92,19
27,71,8581.630319148937,3.125,37.26063829787234,106,8
27,72,8765.032786885246,2.5152224824355973,30.362997658079625,139,0
27,73,9214.21515151515,3.5242424242424244,45.43636363636364,101,10
27,74,9197.272727272728,3.6787878787878787,46.53636363636364,106,24
27,75,9119.111782477341,3.6646525679758306,45.10876132930514,100,22
27,76,9153.021212121212,3.6424242424242426,45.28181818181818,96,23
27,77,9062.030581039755,3.5535168195718656,44.654434250764524,99,15
27,78,5986.428759894459,1.3007915567282322,6.902374670184696,80,4
28,1,9128.283185840708,3.6371681415929205,42.902654867256636,89,0
28,2,9097.833827893175,3.735905044510386,44.93768545994065,85,18
28,3,9035.828402366864,3.7810650887573964,43.27810650887574,91,20
28,4,9169.338323353293,3.7784431137724552,44.98203592814371,88,22
28,5,9080.30303030303,3.7363636363636363,44.4,86,18
28,6,9106.868421052632,3.690058479532164,43.4766081871345,90,6
28,7,9140.492492492493,3.765765765765766,44.67867867867868,81,0
28,8,9249.933333333332,3.787878787878788,46.81818181818182,71,0
28,9,9199.712962962964,3.7253086419753085,45.885802469135804,73,0
28,10,9058.103244837757,3.7964601769911503,45.342182890855455,80,0
28,11,9068.0,3.7425149700598803,45.48802395209581,81,0
28,12,8645.214814814815,3.066666666666667,49.38765432098766,93,0
28,13,9374.012012012012,3.5675675675675675,49.828828828828826,70,0
28,14,9446.574534161491,3.7360248447204967,48.69565217391305,67,0
28,15,9293.30981595092,3.794478527607362,47.8680981595092,69,0
28,16,9207.20245398773,3.7822085889570554,46.806748466257666,68,0
28,17,9208.046012269939,3.8190184049079754,46.438650306748464,74,0
28,18,9183.262048192772,3.7439759036144578,46.355421686746986,77,0
28,19,9225.523076923077,3.7846153846153845,47.69846153846154,73,0
28,20,9176.09726443769,3.802431610942249,46.86018237082067,77,0
28,21,9145.41717791411,3.8466257668711656,47.395705521472394,74,0
28,22,9164.764525993884,3.770642201834862,46.30275229357798,79,0
28,23,9171.199395770393,3.876132930513595,47.25075528700906,73,0
28,24,9160.403076923078,3.836923076923077,46.79076923076923,73,0
28,25,9091.355623100304,3.8085106382978724,45.96048632218845,78,0
28,26,9045.403614457831,3.8313253012048194,44.54819277108434,74,0
28,27,9047.595808383234,3.841317365269461,45.06586826347306,78,0
28,28,9085.220895522389,3.755223880597015,45.94925373134328,79,0
28,29,9111.508982035928,3.7934131736526946,46.041916167664674,75,0
28,30,9056.58358662614,3.8054711246200608,46.212765957446805,76,0
28,31,8999.473053892216,3.7365269461077846,45.76946107784431,77,0
28,32,9077.802395209581,3.7934131736526946,46.532934131736525,74,0
28,33,9058.494047619048,3.744047619047619,46.473214285714285,77,0
28,34,9067.05357142857,3.7261904761904763,46.94047619047619,79,0
28,35,9054.731707317073,3.707317073170732,45.25609756097561,71,0
28,36,8999.167647058823,3.8294117647058825,46.11470588235294,73,0
28,37,9003.2078313253,3.7560240963855422,45.79819277108434,75,0
28,38,9021.702064896755,3.8466076696165192,47.908554572271385,71,0
28,39,8996.777108433735,3.7710843373493974,46.05421686746988,71,0
28,40,9012.4,3.8208955223880596,45.58805970149254,74,0
28,41,9051.552552552552,3.78978978978979,46.91891891891892,76,0
28,42,9034.474474474475,3.7927927927927927,46.0990990990991,71,0
28,43,9039.664670658683,3.784431137724551,46.395209580838326,71,0
28,44,9039.155688622754,3.7994011976047903,46.82634730538922,72,0
28,45,8995.351515151515,3.8484848484848486,46.906060606060606,76,0
28,46,9147.33630952381,3.8363095238095237,47.55952380952381,70,0
28,47,9026.152694610779,3.787425149700599,45.21556886227545,74,0
28,48,9039.84592145015,3.8187311178247736,47.13595166163142,70,0
28,49,9080.377643504531,3.8157099697885197,47.196374622356494,67,0
28,50,9046.012121212121,3.8484848484848486,46.584848484848486,69,0
28,51,9046.646525679758,3.8157099697885197,47.46525679758308,68,0
28,52,9150.809090909092,3.787878787878788,46.9969696969697,69,0
28,53,9071.21472392638,3.8282208588957056,46.36503067484663,70,0
28,54,9091.93009118541,3.8753799392097266,47.12462006079027,71,0
28,55,9091.448916408668,3.8266253869969042,46.8359133126935,70,0
28,56,9119.207951070337,3.837920489296636,47.07033639143731,72,0
28,57,9149.988023952095,3.904191616766467,47.93712574850299,68,0
28,58,9169.455384615385,3.855384615384615,47.92307692307692,72,0
28,59,9125.39751552795,3.813664596273292,46.869565217391305,71,0
28,60,9175.649390243903,3.893292682926829,48.03963414634146,70,0
28,61,9046.435185185184,3.8209876543209877,46.78395061728395,73,0
28,62,9174.975903614459,3.8072289156626504,46.786144578313255,73,0
28,63,9115.175757575758,3.8363636363636364,45.67272727272727,68,0
28,64,9113.83076923077,3.836923076923077,45.53846153846154,71,0
28,65,9115.166666666666,3.8727272727272726,46.34848484848485,75,0
28,66,9100.917682926829,3.8140243902439024,46.02743902439025,73,0
28,67,9089.834337349397,3.8765060240963853,46.60843373493976,80,0
28,68,9141.553516819571,3.7737003058103977,45.92354740061162,70,0
28,69,9114.544615384615,3.8615384615384616,46.326153846153844,73,0
28,70,1066.6367141162516,0.36269276393831557,81.15183867141162,2602,0
31,1,9430.717325227963,3.6717325227963524,44.71732522796353,115,0
31,2,9437.477477477478,3.7027027027027026,46.48348348348348,106,0
31,3,9407.519637462236,3.7341389728096677,46.40785498489426,105,0
31,4,9462.944615384615,3.6738461538461538,46.129230769230766,102,0
31,5,9389.147239263804,3.7208588957055215,46.67791411042945,101,0
31,6,9466.062874251496,3.7425149700598803,47.038922155688624,106,0
31,7,9412.824242424242,3.712121212121212,46.54242424242424,103,0
31,8,9396.20606060606,3.724242424242424,45.42121212121212,105,0
31,9,9364.340425531915,3.7203647416413372,45.516717325227965,104,0
31,10,9349.814589665653,3.68693009118541,46.07294832826748,108,0
31,11,9325.108761329306,3.716012084592145,45.601208459214504,101,0
31,12,9296.18018018018,3.7477477477477477,45.909909909909906,109,0
31,13,9310.835329341317,3.688622754491018,44.80538922155689,113,0
31,14,9350.663551401869,3.688473520249221,45.81308411214953,100,0
31,15,9464.192192192193,3.750750750750751,47.84384384384384,111,0
31,16,9433.746223564955,3.731117824773414,47.30815709969789,100,0
31,17,9415.489230769232,3.686153846153846,46.92,97,0
31,18,9487.105421686747,3.7048192771084336,47.795180722891565,106,0
31,19,9347.148036253777,3.70392749244713,47.56797583081571,108,0
31,20,9333.880239520959,3.7065868263473054,47.446107784431135,102,0
31,21,9303.96996996997,3.690690690690691,45.56456456456456,109,0
31,22,8566.610705596107,2.9245742092457423,46.4014598540146,139,0
31,23,9375.050295857987,3.4763313609467454,44.544378698224854,122,0
31,24,9317.287425149701,3.68562874251497,44.209580838323355,113,0
31,25,9256.467065868263,3.6646706586826348,43.79940119760479,118,0
31,26,9235.373088685015,3.691131498470948,43.29969418960245,114,0
31,27,9347.218934911243,3.757396449704142,45.99112426035503,112,0
31,28,9323.163636363637,3.693939393939394,44.25757575757576,109,0
31,29,9299.927710843374,3.6957831325301207,44.58132530120482,109,0
31,30,9391.136222910216,3.7554179566563466,45.44891640866873,116,12
31,31,9370.830303030303,3.7151515151515153,44.10909090909091,117,17
31,32,9405.567975830816,3.731117824773414,45.17824773413897,114,21
31,33,9392.926380368099,3.6809815950920246,44.63803680981595,110,4
31,34,9383.610429447852,3.6932515337423313,45.59509202453988,117,10
31,35,9376.093939393939,3.7393939393939393,44.803030303030305,117,8
31,36,9396.138972809667,3.712990936555891,45.87613293051359,116,0
31,37,9331.296072507554,3.7099697885196377,44.453172205438065,118,0
31,38,9330.024464831804,3.688073394495413,43.86850152905199,112,0
31,39,9350.59696969697,3.7151515151515153,44.18484848484849,112,0
31,40,9385.054545454546,3.712121212121212,44.50909090909091,113,0
31,41,9329.781155015198,3.735562310030395,45.45896656534954,111,0
31,42,9321.658461538462,3.6738461538461538,44.05538461538462,113,0
31,43,9409.084084084085,3.7537537537537538,46.003003003003,117,0
31,44,9440.590214067279,3.72782874617737,45.984709480122326,116,0
31,45,9355.288343558283,3.6993865030674846,44.57055214723926,114,0
31,46,9400.675757575758,3.7515151515151515,45.484848484848484,112,0
31,47,9271.955357142857,3.7142857142857144,43.961309523809526,110,0
31,48,9305.713855421687,3.710843373493976,44.376506024096386,105,0
31,49,9325.100303951367,3.696048632218845,43.94224924012158,115,0
31,50,9310.40490797546,3.6993865030674846,45.3159509202454,104,0
31,51,9316.96130952381,3.7202380952380953,46.083333333333336,107,0
31,52,9194.781155015198,3.702127659574468,44.1580547112462,107,0
31,53,9332.943452380952,3.681547619047619,45.18154761904762,106,0
31,54,9496.05625,3.721875,47.821875,108,0
31,55,9443.839009287925,3.764705882352941,47.27244582043344,101,0
31,56,9456.298461538461,3.7815384615384615,47.49230769230769,100,0
31,57,9466.993827160493,3.753086419753086,47.27160493827161,95,0
31,58,9462.121875,3.740625,47.121875,98,0
31,59,9460.54012345679,3.756172839506173,46.842592592592595,94,0
31,60,9382.49226006192,3.6873065015479876,45.585139318885446,104,0
31,61,9467.321100917432,3.770642201834862,47.48318042813456,106,0
31,62,9447.476780185758,3.804953560371517,47.56965944272446,98,0
31,63,9543.903726708075,3.748447204968944,47.754658385093165,96,0
31,64,9476.29906542056,3.7538940809968846,46.794392523364486,92,0
31,65,9472.66149068323,3.7577639751552794,46.61801242236025,102,0
31,66,9453.064417177915,3.8006134969325154,47.37116564417178,103,0
31,67,9495.662538699691,3.7678018575851393,47.247678018575854,98,0
31,68,9476.863354037267,3.729813664596273,46.86335403726708,100,0
31,69,9472.272445820434,3.7492260061919507,46.925696594427244,109,0
31,70,9415.138036809816,3.7423312883435584,45.63496932515337,105,0
31,71,8681.01052631579,3.223684210526316,34.56842105263158,114,0
31,72,8870.735498839907,2.5962877030162415,32.777262180974475,148,0
31,73,9432.404191616766,3.6317365269461077,44.48502994011976,118,0
31,74,9444.489425981874,3.676737160120846,44.42598187311178,116,0
31,75,9474.57142857143,3.683890577507599,44.10334346504559,116,0
31,76,9376.681957186544,3.688073394495413,43.62691131498471,114,0
31,77,9337.231231231232,3.6786786786786787,42.13513513513514,120,0
31,78,5842.370565045992,1.442838370565046,13.207621550591327,67,0
33,1,9314.719298245614,3.5292397660818713,45.1578947368421,102,0
33,2,9436.653731343284,3.537313432835821,45.67462686567164,99,16
33,3,9335.80118694362,3.543026706231454,45.29080118694362,107,19
33,4,9398.873873873874,3.6246246246246248,47.31531531531532,103,22
33,5,9346.18373493976,3.5843373493975905,45.83132530120482,99,19
33,6,9339.186746987953,3.572289156626506,44.88253012048193,104,17
33,7,9454.242331288344,3.6165644171779143,47.11349693251534,99,18
33,8,9465.548192771084,3.677710843373494,49.43674698795181,96,25
33,9,9351.495440729483,3.613981762917933,46.951367781155014,101,20
33,10,9257.64201183432,3.562130177514793,45.90236686390533,101,20
33,11,9375.110447761193,3.647761194029851,47.11940298507463,95,25
33,12,9397.630303030302,3.621212121212121,47.54848484848485,96,20
33,13,9446.726443768997,3.595744680851064,48.349544072948326,96,5
33,14,9383.41212121212,3.606060606060606,47.263636363636365,94,14
33,15,9294.226470588235,3.588235294117647,46.45294117647059,105,23
33,16,9329.356083086053,3.5519287833827895,45.89317507418398,102,18
33,17,9358.389380530973,3.533923303834808,45.7787610619469,107,21
33,18,9332.23598820059,3.5811209439528024,47.1858407079646,103,23
33,19,9314.448979591836,3.5364431486880465,45.137026239067055,103,21
33,20,9362.076687116565,3.705521472392638,49.24539877300614,91,5
33,21,9388.808510638299,3.723404255319149,50.94528875379939,85,0
33,22,9458.088685015291,3.7400611620795106,51.51987767584098,86,0
33,23,9468.245398773006,3.6411042944785277,50.06441717791411,92,0
33,24,9388.559270516716,3.617021276595745,48.851063829787236,87,0
33,25,9365.404191616766,3.625748502994012,47.90119760479042,90,0
33,26,9334.19335347432,3.5891238670694863,47.17522658610272,92,14
33,27,9419.335347432025,3.5861027190332324,47.57703927492447,96,21
33,28,9409.45508982036,3.625748502994012,48.122754491017965,93,19
33,29,9420.088685015291,3.5840978593272173,46.48623853211009,92,17
33,30,9458.89263803681,3.5828220858895707,47.43251533742331,95,8
33,31,9476.451807228916,3.647590361445783,48.506024096385545,94,13
33,32,9472.078549848942,3.6132930513595167,47.453172205438065,95,7
33,33,9478.00303030303,3.606060606060606,48.472727272727276,94,0
33,34,9535.425925925925,3.567901234567901,48.76851851851852,91,0
33,35,9513.825301204819,3.6234939759036147,49.4277108433735,89,0
33,36,9503.581039755352,3.611620795107034,49.4434250764526,90,0
33,37,9464.102719033233,3.6253776435045317,48.64350453172205,85,0
33,38,9413.20303030303,3.606060606060606,47.915151515151514,90,0
33,39,9404.358208955224,3.638805970149254,48.83880597014925,87,0
33,40,9406.563636363637,3.566666666666667,47.25454545454546,94,0
33,41,9413.525835866261,3.592705167173252,48.00303951367781,92,0
33,42,9419.520958083833,3.622754491017964,49.10778443113772,93,0
33,43,9495.98480243161,3.5987841945288754,49.29179331306991,84,0
33,44,9456.91212121212,3.6272727272727274,48.71818181818182,85,0
33,45,9456.900302114804,3.6404833836858006,49.561933534743204,82,0
33,46,8886.680904522613,2.9346733668341707,45.92713567839196,109,0
33,47,9517.576119402986,3.453731343283582,50.02388059701492,93,0
33,48,9572.121118012423,3.739130434782609,51.40683229813665,87,0
33,49,9673.878594249201,3.747603833865815,52.715654952076676,85,0
33,50,9523.916149068324,3.630434782608696,48.77950310559006,91,12
33,51,9581.204334365326,3.696594427244582,50.11455108359133,90,22
33,52,9480.446153846155,3.646153846153846,48.418461538461536,92,6
33,53,9297.39090909091,3.590909090909091,45.587878787878786,91,13
33,54,9406.17117117117,3.5435435435435436,44.912912912912915,108,19
33,55,9397.611445783132,3.539156626506024,45.66265060240964,98,20
33,56,9307.522522522522,3.6426426426426426,47.56156156156156,98,7
33,57,9667.14375,3.7375,52.009375,86,0
33,58,9701.14696485623,3.7859424920127798,53.39297124600639,87,0
33,59,9833.47077922078,3.7564935064935066,54.285714285714285,80,0
33,60,9757.42857142857,3.7305194805194803,53.201298701298704,80,0
33,61,9681.034700315457,3.8012618296529967,52.41955835962145,83,0
33,62,9604.28025477707,3.713375796178344,50.44904458598726,84,0
33,63,9585.612307692307,3.683076923076923,49.19384615384615,87,14
33,64,9474.17868338558,3.6677115987460813,48.175548589341695,90,18
33,65,9520.932307692308,3.6769230769230767,47.63076923076923,89,22
33,66,9502.64417177914,3.705521472392638,48.08282208588957,88,23
33,67,9457.717868338557,3.6614420062695925,47.64890282131662,88,15
33,68,9500.469512195123,3.722560975609756,48.72560975609756,89,24
33,69,9476.978395061727,3.669753086419753,47.641975308641975,90,22
33,70,9414.291021671826,3.681114551083591,46.857585139318886,93,20
33,71,8822.98670212766,3.0797872340425534,36.898936170212764,82,7
33,72,9111.08120649652,2.5266821345707657,30.846867749419953,117,0
33,73,9598.70303030303,3.5545454545454547,49.17272727272727,98,16
33,74,9431.061349693251,3.6349693251533743,47.512269938650306,92,19
33,75,9406.486404833837,3.6465256797583083,46.91238670694864,98,21
33,76,9463.874233128834,3.5950920245398774,46.831288343558285,95,18
33,77,9477.02752293578,3.525993883792049,46.38532110091743,95,15
33,78,5089.362796833773,1.8100263852242744,12.621372031662268,113,7
35,1,9326.75730994152,3.58187134502924,45.71637426900585,118,0
35,2,9306.12951807229,3.5632530120481927,45.06927710843374,115,15
35,3,9276.376506024097,3.572289156626506,45.316265060240966,111,18
35,4,9316.086826347306,3.592814371257485,45.16467065868263,102,9
35,5,9291.47181008902,3.6320474777448073,45.90504451038576,102,0
35,6,8441.072892938497,2.7722095671981775,38.36446469248292,141,0
35,7,9460.99705882353,3.3294117647058825,48.20294117647059,88,0
35,8,9390.692537313433,3.626865671641791,49.11044776119403,95,0
35,9,9462.261398176292,3.6565349544072947,49.93009118541033,94,0
35,10,9344.427272727273,3.6515151515151514,49.3969696969697,97,0
35,11,9349.987915407855,3.6706948640483383,50.31117824773414,95,0
35,12,9200.0,3.6666666666666665,48.933933933933936,96,0
35,13,9224.072072072073,3.6636636636636637,48.05705705705706,98,0
35,14,9067.31952662722,3.544378698224852,44.562130177514796,98,6
35,15,9132.37134502924,3.6403508771929824,46.66374269005848,110,10
35,16,9154.688235294117,3.7,47.93235294117647,102,0
35,17,9107.916417910448,3.674626865671642,47.286567164179104,99,0
35,18,8585.381642512077,2.9830917874396135,42.5,128,0
35,19,9161.669565217391,3.318840579710145,46.03188405797101,104,0
35,20,9397.969418960245,3.758409785932722,49.64525993883792,98,0
35,21,9331.250764525994,3.7003058103975537,48.379204892966364,97,0
35,22,9378.691131498472,3.7033639143730888,49.63608562691132,98,0
35,23,9349.547987616099,3.674922600619195,48.309597523219814,98,0
35,24,9367.14373088685,3.685015290519878,48.342507645259936,101,0
35,25,9358.287878787878,3.7151515151515153,48.236363636363635,99,0
35,26,9357.247706422018,3.7217125382262997,48.06422018348624,102,0
35,27,9199.445454545454,3.6484848484848484,45.766666666666666,101,0
35,28,9184.38053097345,3.5722713864306783,44.29203539823009,114,0
35,29,9235.993939393938,3.709090909090909,46.73939393939394,102,0
35,30,9251.471471471472,3.7177177177177176,47.054054054054056,106,0
35,31,9197.508982035928,3.658682634730539,46.4940119760479,108,0
35,32,9204.40895522388,3.6597014925373132,45.17910447761194,115,0
35,33,9260.422960725076,3.706948640483384,47.23867069486405,108,0
35,34,9211.444785276073,3.647239263803681,46.75153374233129,109,0
35,35,9221.41017964072,3.7065868263473054,47.550898203592816,100,0
35,36,9182.925595238095,3.7232142857142856,47.410714285714285,101,0
35,37,9212.825825825827,3.6726726726726726,47.54054054054054,102,0
35,38,9185.819277108434,3.6656626506024095,47.16566265060241,107,0
35,39,9214.528528528528,3.6816816816816815,48.15915915915916,102,0
35,40,9207.61377245509,3.7005988023952097,48.25149700598802,107,0
35,41,9148.108504398828,3.6510263929618767,47.2991202346041,106,0
35,42,9176.90119760479,3.586826347305389,44.66467065868263,111,0
35,43,8996.953890489913,3.510086455331412,43.96541786743516,120,0
35,44,9147.479411764705,3.7029411764705884,47.46470588235294,108,0
35,45,9186.133333333333,3.56969696969697,46.56969696969697,107,0
35,46,9171.588235294117,3.65,47.61176470588235,112,0
35,47,9173.32743362832,3.7227138643067845,48.15339233038348,110,0
35,48,8530.970588235294,2.9558823529411766,40.68382352941177,135,0
35,49,9081.014005602241,3.2324929971988796,42.76750700280112,108,0
35,50,9349.984662576688,3.6748466257668713,47.34969325153374,98,0
35,51,9497.664615384616,3.6984615384615385,48.69846153846154,90,0
35,52,9443.28527607362,3.705521472392638,47.95705521472393,92,0
35,53,9153.77245508982,3.5748502994011977,43.2185628742515,103,0
35,54,9145.964285714286,3.7202380952380953,45.11011904761905,111,0
35,55,9013.498507462686,3.6686567164179102,43.58805970149254,109,0
35,56,9196.934131736527,3.6706586826347305,45.42215568862275,109,0
35,57,9361.673846153846,3.729230769230769,48.04615384615385,101,16
35,58,9072.919161676647,3.6736526946107784,43.79940119760479,105,4
35,59,9316.791277258568,3.6853582554517135,45.700934579439256,101,0
35,60,9203.52743902439,3.6798780487804876,44.60060975609756,102,0
35,61,9230.937685459941,3.7270029673590503,45.29376854599406,105,0
35,62,9275.928125,3.640625,44.8875,106,0
35,63,9367.618618618619,3.7267267267267266,47.009009009009006,106,0
35,64,9302.592145015105,3.7250755287009065,47.229607250755286,98,0
35,65,9295.8501529052,3.599388379204893,44.782874617737,101,0
35,66,9256.917682926829,3.6615853658536586,44.176829268292686,103,0
35,67,9308.0,3.7018072289156625,45.454819277108435,100,0
35,68,9258.480243161095,3.689969604863222,43.88449848024316,106,0
35,69,9176.84592145015,3.6706948640483383,43.30815709969789,108,0
35,70,8464.06067961165,2.9514563106796117,34.077669902912625,132,0
35,71,9044.86146095718,2.8035264483627205,36.21662468513854,134,0
35,72,9234.023880597015,3.665671641791045,44.40597014925373,109,0
35,73,9547.952229299362,3.789808917197452,51.461783439490446,89,0
35,74,9607.245283018869,3.852201257861635,52.72012578616352,86,0
35,75,9562.198083067093,3.7731629392971247,51.798722044728436,88,0
35,76,9562.317460317461,3.803174603174603,51.94920634920635,86,0
35,77,6320.472868217054,1.793798449612403,10.128682170542636,75,0
44,1,9315.419452887538,3.8267477203647418,48.02431610942249,97,0
44,2,9353.162079510703,3.801223241590214,48.40672782874618,97,0
44,3,9154.600609756097,3.981707317073171,49.26219512195122,92,0
44,4,9146.891975308641,3.9598765432098766,48.367283950617285,91,0
44,5,9339.133126934985,3.829721362229102,49.3343653250774,91,0
44,6,9291.265432098766,3.8796296296296298,49.49382716049383,90,0
44,7,9431.89375,3.815625,51.45625,87,0
44,8,9554.584097859328,3.8287461773700304,51.75535168195719,89,0
44,9,9476.252336448599,3.735202492211838,50.386292834890966,89,0
44,10,9550.455108359132,3.7058823529411766,51.94427244582043,89,0
44,11,8785.279898218829,3.0661577608142494,51.39440203562341,108,0
44,12,9663.36936936937,3.4864864864864864,53.927927927927925,92,11
44,13,9596.788161993769,3.7009345794392523,50.52336448598131,96,6
44,14,9704.822429906542,3.7414330218068534,52.993769470404985,85,0
44,15,9544.785046728972,3.791277258566978,51.283489096573206,92,0
44,16,9405.785046728972,3.781931464174455,49.42367601246106,92,7
44,17,9216.09090909091,3.9247648902821317,49.959247648902824,92,6
44,18,9281.633027522936,3.90519877675841,49.38837920489296,96,0
44,19,9214.384615384615,3.9292307692307693,49.85230769230769,89,0
44,20,9030.114457831325,3.9397590361445785,47.30722891566265,92,0
44,21,9260.018292682927,3.841463414634146,49.02743902439025,98,0
44,22,9024.387692307693,3.956923076923077,48.332307692307694,102,0
44,23,9051.038461538461,3.8757396449704142,47.337278106508876,100,0
44,24,9089.176470588236,3.891640866873065,47.139318885448915,97,0
44,25,9201.20241691843,3.800604229607251,47.70392749244713,93,0
44,26,9159.53172205438,3.9123867069486407,48.67371601208459,95,0
44,27,9200.311178247734,3.797583081570997,47.4441087613293,99,0
44,28,9028.407294832827,3.835866261398176,45.2370820668693,98,0
44,29,9108.444776119402,3.8059701492537314,47.167164179104475,96,0
44,30,9167.142424242424,3.790909090909091,47.25454545454546,94,0
44,31,9277.878048780487,3.8597560975609757,49.71951219512195,95,0
44,32,9227.676829268292,3.817073170731707,48.07012195121951,94,0
44,33,9148.112462006078,3.8267477203647418,48.3161094224924,93,0
44,34,9087.70642201835,3.8623853211009176,47.08562691131498,94,0
44,35,9095.06886227545,3.817365269461078,46.92215568862275,96,0
44,36,9041.737160120845,3.909365558912387,47.93957703927492,93,0
44,37,9164.21515151515,3.860606060606061,47.912121212121214,92,0
44,38,9126.326283987915,3.8277945619335347,47.82175226586103,90,0
44,39,8948.29357798165,3.81651376146789,44.73700305810397,96,0
44,40,9143.73887240356,3.913946587537092,48.58753709198813,96,0
44,41,8949.987915407855,3.891238670694864,46.362537764350456,94,0
44,42,9015.871641791045,3.8626865671641792,46.26268656716418,101,0
44,43,9022.196374622357,3.809667673716012,45.43504531722054,95,0
44,44,8948.602985074627,3.961194029850746,46.94328358208955,91,0
44,45,8795.166666666666,3.9575757575757575,45.906060606060606,98,0
44,46,8982.635820895523,3.8835820895522386,46.24776119402985,99,0
44,47,8986.601208459215,3.8610271903323263,46.67371601208459,97,0
44,48,9105.382089552239,3.8507462686567164,47.202985074626866,92,0
44,49,8971.427272727273,3.8636363636363638,45.31212121212121,95,0
44,50,9019.440119760478,3.907185628742515,47.16467065868263,99,0
44,51,9014.712990936556,3.8610271903323263,46.74320241691843,97,0
44,52,9095.928358208956,3.8358208955223883,46.94626865671642,96,0
44,53,8883.178041543028,3.8100890207715135,44.09792284866469,108,0
44,54,9054.724770642202,3.8776758409785934,47.547400611620795,96,0
44,55,9213.66265060241,3.8674698795180724,48.18674698795181,101,0
44,56,9163.039513677812,3.814589665653495,47.74164133738602,96,0
44,57,9149.39263803681,3.8404907975460123,47.530674846625764,98,0
44,58,9197.772727272728,3.8575757575757574,48.42424242424242,98,0
44,59,9206.265432098766,3.830246913580247,48.29938271604938,96,0
44,60,9164.972392638037,3.852760736196319,48.0521472392638,92,0
44,61,9262.784194528875,3.8419452887537995,49.43161094224924,95,0
44,62,9229.606153846154,3.7753846153846156,48.08307692307692,88,0
44,63,9247.2874617737,3.840978593272171,48.85626911314985,92,0
44,64,9322.676923076922,3.8215384615384616,48.716923076923074,93,0
44,65,9304.837423312883,3.7791411042944785,48.95705521472393,93,0
44,66,9240.851963746223,3.794561933534743,47.670694864048336,96,0
44,67,9120.993883792049,3.90519877675841,47.89908256880734,93,0
44,68,9011.234939759037,3.8734939759036147,46.84939759036145,94,0
44,69,9245.721212121212,3.809090909090909,49.03333333333333,91,0
44,70,9214.612307692307,3.750769230769231,47.47076923076923,96,0
44,71,8863.803418803418,3.6267806267806266,43.53846153846154,95,0
44,72,8287.27232142857,2.799107142857143,33.504464285714285,151,0
44,73,8946.336111111112,3.452777777777778,44.53888888888889,117,0
44,74,9384.08176100629,3.6761006289308176,48.839622641509436,92,0
44,75,9340.235820895523,3.817910447761194,49.21791044776119,96,0
44,76,9299.098461538462,3.7446153846153845,48.57846153846154,90,0
44,77,9258.570996978851,3.7915407854984893,48.438066465256796,99,0
44,78,5223.887055837564,1.9225888324873097,8.97715736040609,52,0
55,1,8880.709580838324,3.6467065868263475,42.09281437125748,107,0
55,2,8909.634441087614,3.6646525679758306,43.01510574018127,98,0
55,3,8989.884955752212,3.7640117994100293,43.84660766961652,104,0
55,4,8941.363636363636,3.727272727272727,42.86060606060606,103,0
55,5,8999.574850299401,3.7005988023952097,44.455089820359284,99,0
55,6,8836.217125382263,3.7400611620795106,43.24159021406728,93,0
55,7,8956.486567164178,3.755223880597015,44.37313432835821,98,0
55,8,8922.289156626506,3.7620481927710845,44.596385542168676,105,0
55,9,8948.850609756097,3.783536585365854,45.67987804878049,99,0
55,10,8933.095808383234,3.781437125748503,46.74251497005988,97,0
55,11,8929.91212121212,3.806060606060606,47.018181818181816,101,0
55,12,8914.401812688822,3.7401812688821754,46.027190332326285,90,0
55,13,8890.516516516516,3.7177177177177176,45.87687687687688,94,0
55,14,8835.603550295858,3.757396449704142,45.28698224852071,96,0
55,15,8191.5,3.0742574257425743,45.21287128712871,116,0
55,16,9101.970501474927,3.489675516224189,47.097345132743364,96,0
55,17,9033.605504587156,3.770642201834862,46.03363914373089,100,0
55,18,8967.940251572327,3.761006289308176,45.76100628930818,93,0
55,19,8937.294985250737,3.814159292035398,45.47787610619469,100,0
55,20,8926.263636363636,3.793939393939394,43.72121212121212,104,0
55,21,8928.710769230769,3.7815384615384615,44.504615384615384,93,0
55,22,9000.892966360856,3.7951070336391437,45.91131498470948,97,0
55,23,8939.290909090909,3.8333333333333335,44.63030303030303,95,0
55,24,8897.064615384616,3.756923076923077,43.895384615384614,96,0
55,25,8935.937313432836,3.7522388059701495,44.32537313432836,99,0
55,26,8875.045454545454,3.6787878787878787,42.21818181818182,102,0
55,27,8853.632835820896,3.817910447761194,43.97014925373134,101,0
55,28,8903.00906344411,3.6827794561933533,43.35649546827795,99,0
55,29,8895.766666666666,3.7606060606060607,43.906060606060606,100,0
55,30,8902.367469879518,3.7740963855421685,45.33433734939759,101,0
55,31,8880.569696969696,3.7484848484848485,44.96363636363636,96,0
55,32,8909.187311178248,3.770392749244713,45.468277945619334,100,0
55,33,8944.539393939394,3.727272727272727,45.53636363636364,92,0
55,34,8928.498489425981,3.7915407854984893,45.05740181268882,100,0
55,35,8905.996951219513,3.7378048780487805,45.478658536585364,97,0
55,36,8908.726726726727,3.7927927927927927,46.132132132132135,104,0
55,37,8815.997050147493,3.71976401179941,43.78171091445428,97,0
55,38,8878.04776119403,3.728358208955224,45.04776119402985,100,0
55,39,8900.215568862275,3.7904191616766467,45.862275449101794,97,0
55,40,8845.691842900302,3.7673716012084593,45.78247734138973,95,0
55,41,8852.921921921921,3.804804804804805,45.43843843843844,102,0
55,42,8899.07012195122,3.7591463414634148,45.917682926829265,100,0
55,43,8954.75975975976,3.8318318318318316,47.048048048048045,98,0
55,44,8947.930722891566,3.786144578313253,47.454819277108435,88,0
55,45,8965.333333333334,3.776758409785933,46.510703363914374,92,0
55,46,9027.351515151515,3.827272727272727,48.03939393939394,88,0
55,47,8975.620795107034,3.8103975535168195,46.92966360856269,95,0
55,48,8997.776758409786,3.782874617737003,47.20489296636086,85,0
55,49,9044.20061728395,3.802469135802469,48.22222222222222,90,0
55,50,8958.84592145015,3.800604229607251,46.25075528700906,92,0
55,51,8957.189759036144,3.789156626506024,45.19578313253012,102,0
55,52,8997.629179331307,3.7872340425531914,46.36474164133739,97,0
55,53,8861.018292682927,3.701219512195122,43.73170731707317,106,0
55,54,8953.631268436578,3.657817109144543,44.365781710914455,107,0
55,55,8990.91265060241,3.677710843373494,43.88855421686747,104,0
55,56,8835.658823529411,3.552941176470588,42.608823529411765,121,0
55,57,8992.927927927927,3.7627627627627627,46.093093093093096,103,0
55,58,8943.969696969696,3.7636363636363637,44.412121212121214,106,0
55,59,9030.733333333334,3.7484848484848485,45.75151515151515,109,0
55,60,9062.386018237083,3.74468085106383,45.09726443768997,107,0
55,61,8921.725609756097,3.7621951219512195,44.0,107,0
55,62,8970.97247706422,3.758409785932722,45.342507645259936,105,0
55,63,9021.29393939394,3.8181818181818183,47.04545454545455,102,0
55,64,8984.363076923077,3.769230769230769,45.378461538461536,102,0
55,65,8954.25679758308,3.8398791540785497,46.52567975830816,102,0
55,66,8911.776435045318,3.8157099697885197,45.522658610271904,98,0
55,67,8924.822289156626,3.8373493975903616,46.28313253012048,103,0
55,68,8870.996941896025,3.831804281345566,45.599388379204896,99,0
55,69,8871.30606060606,3.812121212121212,45.82727272727273,94,0
55,70,8885.686746987953,3.8012048192771086,45.2710843373494,99,0
55,71,8519.722627737227,2.8394160583941606,30.469586374695865,108,0
55,72,8796.414572864322,2.8542713567839195,32.12814070351759,125,0
55,73,8823.97084548105,3.5276967930029155,41.160349854227405,110,0
55,74,8934.784431137725,3.7754491017964074,44.81736526946108,100,0
55,75,8919.90303030303,3.775757575757576,44.88787878787879,104,0
55,76,8880.235649546828,3.797583081570997,45.07250755287009,100,0
55,77,8852.513432835822,3.7850746268656716,45.22686567164179,97,0
55,78,7329.029824561403,1.6035087719298247,17.6,69,0
77,1,9340.460606060606,3.796969696969697,48.70909090909091,98,0
77,2,9348.914373088684,3.81651376146789,48.67278287461774,96,16
77,3,9328.170731707318,3.8140243902439024,47.53963414634146,91,5
77,4,9316.33024691358,3.8580246913580245,47.28703703703704,92,0
77,5,9303.204892966362,3.8776758409785934,46.77064220183486,93,0
77,6,9271.624615384615,3.870769230769231,46.66461538461539,89,0
77,7,9393.049689440993,3.8074534161490683,47.369565217391305,88,0
77,8,9303.015243902439,3.8719512195121952,48.03353658536585,87,0
77,9,9341.798165137614,3.8990825688073394,49.36697247706422,88,0
77,10,9300.50925925926,3.8487654320987654,50.592592592592595,88,0
77,11,9372.745398773006,3.7607361963190185,48.78834355828221,91,0
77,12,9245.215568862275,3.838323353293413,49.81137724550898,89,0
77,13,9240.457575757575,3.815151515151515,49.09090909090909,89,0
77,14,9211.521472392638,3.776073619631902,48.561349693251536,85,0
77,15,9217.151057401812,3.8157099697885197,48.69788519637462,89,0
77,16,8532.53431372549,3.0661764705882355,52.872549019607845,111,0
77,17,9347.705167173252,3.6443768996960486,50.610942249240125,93,0
77,18,9328.34250764526,3.850152905198777,48.440366972477065,90,16
77,19,9374.893081761007,3.858490566037736,49.716981132075475,87,6
77,20,9432.70588235294,3.913312693498452,50.44582043343653,87,0
77,21,9261.716049382716,3.8549382716049383,48.074074074074076,92,17
77,22,9361.918495297805,3.8589341692789967,49.539184952978054,83,4
77,23,9324.724458204335,3.8668730650154797,48.61919504643963,89,0
77,24,9302.495356037152,3.8947368421052633,48.92879256965944,84,0
77,25,9291.730061349694,3.8803680981595092,49.15030674846626,90,0
77,26,9235.503105590062,3.798136645962733,47.36645962732919,87,0
77,27,9273.334355828221,3.8282208588957056,48.168711656441715,95,0
77,28,9187.647590361446,3.930722891566265,47.993975903614455,91,0
77,29,9234.63076923077,3.8215384615384616,48.14769230769231,91,0
77,30,9262.40303030303,3.806060606060606,46.77272727272727,95,16
77,31,9208.510638297872,3.7933130699088147,46.37386018237082,92,21
77,32,9090.64776119403,3.791044776119403,43.77313432835821,95,5
77,33,9114.495468277946,3.8519637462235647,45.76737160120846,86,0
77,34,9082.245454545455,3.8515151515151516,43.8969696969697,85,0
77,35,9119.930303030304,3.83030303030303,45.15151515151515,92,0
77,36,9096.369696969698,3.8333333333333335,45.46060606060606,92,0
77,37,9315.31914893617,3.8054711246200608,48.06382978723404,92,15
77,38,9228.283536585366,3.7713414634146343,47.53963414634146,87,19
77,39,9050.279411764706,3.8058823529411763,43.19117647058823,92,8
77,40,9127.287009063444,3.824773413897281,43.74320241691843,87,0
77,41,9101.534534534534,3.825825825825826,44.6006006006006,92,0
77,42,9065.345565749236,3.782874617737003,44.162079510703364,95,0
77,43,9033.95166163142,3.821752265861027,45.220543806646525,91,0
77,44,9137.34808259587,3.905604719764012,47.4306784660767,93,0
77,45,9069.185628742514,3.7964071856287425,45.458083832335326,90,0
77,46,9103.731117824773,3.809667673716012,46.3202416918429,94,0
77,47,9045.664652567975,3.8277945619335347,46.37462235649547,94,0
77,48,9111.655589123868,3.8187311178247736,45.53776435045317,87,0
77,49,9144.413373860183,3.8419452887537995,47.121580547112465,93,0
77,50,9163.283582089553,3.8029850746268656,46.93731343283582,92,0
77,51,9128.737804878048,3.7439024390243905,44.140243902439025,92,0
77,52,9140.736526946108,3.877245508982036,46.24251497005988,91,0
77,53,9041.952522255193,3.8160237388724036,43.19881305637982,94,0
77,54,9146.396969696969,3.775757575757576,45.981818181818184,90,0
77,55,9068.545731707318,3.8140243902439024,45.3140243902439,94,14
77,56,9112.62996941896,3.8103975535168195,47.20795107033639,94,6
77,57,9214.669669669669,3.834834834834835,45.83783783783784,90,0
77,58,9243.836363636363,3.7696969696969695,46.43030303030303,88,0
77,59,9175.938271604939,3.802469135802469,45.75617283950617,87,14
77,60,9215.045871559632,3.785932721712538,46.32721712538226,92,14
77,61,9182.355623100304,3.857142857142857,47.64437689969605,89,9
77,62,9163.02743902439,3.8810975609756095,46.823170731707314,91,15
77,63,9150.425076452599,3.834862385321101,47.30275229357798,94,20
77,64,9188.030395136779,3.82370820668693,46.40425531914894,88,21
77,65,9189.653495440729,3.8480243161094223,45.714285714285715,93,20
77,66,9056.584337349397,3.7981927710843375,42.897590361445786,93,3
77,67,9235.670694864048,3.86404833836858,45.61329305135952,84,0
77,68,9114.399390243903,3.902439024390244,44.80792682926829,92,0
77,69,9169.015384615384,3.876923076923077,46.673846153846156,93,0
77,70,9193.544342507645,3.889908256880734,47.12538226299694,92,15
77,71,8578.17166212534,3.422343324250681,38.02452316076294,95,7
77,72,8374.739030023095,2.7990762124711317,28.12933025404157,131,0
77,73,9132.82991202346,3.6451612903225805,44.60703812316716,106,0
77,74,9329.871165644172,3.834355828220859,48.7760736196319,91,13
77,75,9249.051671732523,3.8541033434650456,47.51063829787234,93,21
77,76,9231.16,3.8461538461538463,46.963076923076926,90,21
77,77,9232.451515151515,3.83030303030303,46.86969696969697,94,22
77,78,5207.173299101412,1.7201540436456997,12.341463414634147,65,1
